City_ID,City,Lat,Lng,Max Temp,Humidity,Cloudiness,Wind Speed,Country,Date
0,bethel,41.3712,-73.414,1.45,60,0,3.09,US,1734283529
1,puerto natales,-51.7236,-72.4875,19.25,45,75,10.29,CL,1734283531
2,broken hill,-31.95,141.4333,30.78,17,8,5.17,AU,1734283532
3,bonthe,7.5264,-12.505,30.16,61,5,5.71,SL,1734283535
4,wailua homesteads,22.0669,-159.378,22.44,94,75,4.63,US,1734283536
5,college,64.8569,-147.8028,-31.01,54,20,0.0,US,1734283538
6,acarau,-2.8856,-40.12,30.56,58,15,7.28,BR,1734283539
7,weno,7.4515,151.8468,26.97,89,75,4.63,FM,1734283540
8,grytviken,-54.2811,-36.5092,6.07,71,41,0.43,GS,1734283542
9,avarua,-21.2078,-159.775,26.03,89,75,5.14,CK,1734283543
10,adamstown,-25.066,-130.1015,22.44,69,81,5.24,PN,1734283544
11,blackmans bay,-43.0167,147.3167,15.07,82,0,4.39,AU,1734283546
12,whitehorse,60.7161,-135.0538,-14.57,85,75,2.57,CA,1734283547
13,timbuktu,16.7735,-3.0074,29.65,5,1,5.09,ML,1734283548
14,carnarvon,-24.8667,113.6333,23.55,63,0,11.12,AU,1734283549
15,ceeldheer,3.8488,47.1806,25.7,76,51,9.55,SO,1734283551
16,punta arenas,-53.15,-70.9167,15.06,38,0,16.46,CL,1734283552
17,longyearbyen,78.2186,15.6401,-6.09,73,20,8.23,SJ,1734283553
18,edinburgh of the seven seas,-37.0676,-12.3116,14.03,65,69,7.5,SH,1734283515
19,waitangi,-43.9535,-176.5597,16.57,96,100,0.45,NZ,1734283556
20,zhosaly,45.4878,64.0781,-4.63,85,82,2.36,KZ,1734283557
21,garbahaarrey,3.3289,42.2209,31.61,27,56,3.57,SO,1734283559
22,kapa'a,22.0752,-159.319,23.18,94,75,4.63,US,1734283560
23,yellowknife,62.456,-114.3525,-27.71,76,75,3.6,CA,1734283416
24,chadan,51.2833,91.5833,-25.51,98,15,1.07,RU,1734283564
25,santa vitoria do palmar,-33.5189,-53.3681,18.38,89,100,6.56,BR,1734283566
26,papatowai,-46.5619,169.4708,10.57,93,100,4.03,NZ,1734283567
27,constantia,44.1833,28.65,4.38,81,31,4.36,RO,1734283568
28,codrington,-38.2667,141.9667,27.51,33,63,6.13,AU,1734283570
29,yuktae-dong,40.0247,128.1597,-2.3,40,0,4.27,KP,1734283571
30,port-aux-francais,-49.35,70.2167,4.72,78,75,13.58,TF,1734283572
31,port alfred,-33.5906,26.891,21.21,86,43,1.34,ZA,1734283573
32,bengkulu,-3.8004,102.2655,24.38,91,100,2.79,ID,1734283575
33,darwin,-12.4611,130.8418,29.99,84,20,4.63,AU,1734283538
34,hithadhoo,-0.6,73.0833,27.78,81,55,6.16,MV,1734283579
35,dunedin,-45.8742,170.5036,12.11,97,63,1.34,NZ,1734283580
36,iqaluit,63.7506,-68.5145,-15.15,77,75,7.2,CA,1734283581
37,chiras,35.4167,65.9823,-9.45,91,100,0.9,AF,1734283582
38,dikwa,12.024,13.9165,25.04,25,20,4.93,NG,1734283584
39,hasaki,35.7333,140.8333,9.37,50,0,3.87,JP,1734283585
40,vadso,70.0744,29.7487,-11.91,85,75,4.63,NO,1734283586
41,tiksi,71.6872,128.8694,-20.85,93,99,5.68,RU,1734283588
42,albany,42.6001,-73.9662,-2.63,69,99,0.89,US,1734283398
43,tenkodogo,11.78,-0.3697,30.81,9,0,3.78,BF,1734283590
44,mazagao,-0.115,-51.2894,31.67,53,100,3.54,BR,1734283591
45,isafjordur,66.0755,-23.124,-1.98,69,100,5.14,IS,1734283593
46,mudgee,-32.5943,149.5871,18.68,92,0,1.92,AU,1734283594
47,puerto ayora,-0.7393,-90.3518,23.92,81,82,4.31,EC,1734283597
48,laguna,38.421,-121.4238,7.23,96,100,3.09,US,1734283598
49,mucurici,-18.0933,-40.5158,32.64,47,81,3.21,BR,1734283600
50,shingu,33.7333,135.9833,5.48,78,5,3.08,JP,1734283601
51,olonkinbyen,70.9221,-8.7187,-2.01,98,100,13.29,SJ,1734283602
52,qaqortoq,60.7167,-46.0333,-10.01,90,79,1.99,GL,1734283603
53,ilulissat,69.2167,-51.1,-4.99,80,75,5.66,GL,1734283605
54,talakan,50.3167,130.3667,-31.51,100,98,0.84,RU,1734283606
55,ushuaia,-54.8,-68.3,12.81,47,75,14.4,AR,1734283458
56,santiago de cao,-7.9589,-79.2392,17.07,88,40,4.63,PE,1734283609
57,abu zabad,12.35,29.25,24.19,28,7,4.58,SD,1734283610
58,okakarara,-20.5833,17.4333,24.35,53,99,4.62,NA,1734283611
59,georgetown,5.4112,100.3354,26.97,83,20,3.13,MY,1734283612
60,kununurra,-15.7667,128.7333,27.99,83,87,0.51,AU,1734283614
61,narasannapeta,18.4167,84.05,18.78,58,72,2.89,IN,1734283615
62,queenstown,-31.8976,26.8753,15.33,73,87,4.6,ZA,1734283616
63,west island,-12.1568,96.8225,26.99,83,40,4.12,CC,1734283618
64,hawaiian paradise park,19.5933,-154.9731,19.94,82,0,3.6,US,1734283619
65,raja,8.4596,25.678,26.16,24,44,2.15,SS,1734283620
66,noosa heads,-26.3833,153.15,23.55,96,100,9.79,AU,1734283621
67,ribeira grande,38.5167,-28.7,19.22,77,40,10.29,PT,1734283623
68,prince rupert,54.3161,-130.3201,2.83,87,11,4.63,CA,1734283624
69,kosh-agach,50.0,88.6667,-20.86,72,87,1.08,RU,1734283625
70,phan rang-thap cham,11.5667,108.9833,22.77,95,100,4.16,VN,1734283626
71,moose jaw,50.4001,-105.5344,2.14,69,100,1.54,CA,1734283544
72,vorgashor,67.5833,63.95,-19.98,98,99,1.88,RU,1734283629
73,petropavlovsk-kamchatsky,53.0452,158.6483,-12.67,67,0,2.0,RU,1734283630
74,sur,22.5667,59.5289,23.39,60,1,4.34,OM,1734283632
75,udachny,66.4167,112.4,-31.09,100,83,1.6,RU,1734283633
76,choyr,46.3611,108.3611,-12.08,79,44,2.51,MN,1734283634
77,puente alto,-33.6167,-70.5833,28.8,26,0,2.57,CL,1734283636
78,harstad,68.799,16.5293,-4.66,93,100,16.99,NO,1734283637
79,tolanaro,-25.0319,46.9987,27.04,78,20,8.23,MG,1734283639
80,port mathurin,-19.6833,63.4167,25.22,81,7,7.58,MU,1734283640
81,kenai,60.5544,-151.2583,-5.55,95,100,6.69,US,1734283641
82,kingston,17.997,-76.7936,30.65,66,20,3.09,JM,1734283607
83,st. john's,47.5649,-52.7093,-0.57,61,75,6.69,CA,1734283575
84,nar'yan-mar,67.6713,53.087,-16.67,95,100,3.14,RU,1734283646
85,bardai,11.65,7.2333,23.66,18,77,4.32,NG,1734283647
86,jamestown,42.097,-79.2353,2.23,72,40,5.14,US,1734283598
87,eskisehir,39.7767,30.5206,0.95,100,75,1.54,TR,1734283650
88,thompson,55.7435,-97.8558,-5.91,93,100,2.06,CA,1734283651
89,atafu village,-8.5421,-172.5159,27.74,77,53,5.13,TK,1734283652
90,basciftlik,40.5469,37.1692,-4.77,69,100,4.71,TR,1734283654
91,daru,-9.0763,143.2092,24.57,92,100,3.28,PG,1734283655
92,east london,-33.0153,27.9116,22.52,64,0,7.72,ZA,1734283656
93,kargopol',61.5071,38.9456,-11.08,91,100,3.46,RU,1734283657
94,tete,-16.1564,33.5867,33.05,52,40,3.6,MZ,1734283659
95,hammerfest,70.6634,23.6821,-8.75,62,35,10.8,NO,1734283660
96,puerto aysen,-45.4,-72.7,21.3,61,33,1.53,CL,1734283661
97,adelaide,-34.9333,138.6,34.71,23,0,8.75,AU,1734283663
98,selfoss,63.9331,-20.9971,-0.53,66,89,5.31,IS,1734283665
99,grande prairie,55.1667,-118.8027,-16.9,78,100,4.12,CA,1734283666
100,monze,-16.2833,27.4833,25.43,54,79,0.27,ZM,1734283667
101,tazovsky,67.4667,78.7,-8.45,94,100,7.18,RU,1734283669
102,pisco,-13.7,-76.2167,23.03,68,0,3.09,PE,1734283670
103,moranbah,-22.0016,148.0466,24.47,70,29,2.06,AU,1734283671
104,guerrero negro,27.9769,-114.0611,19.3,52,74,3.58,MX,1734283672
105,invercargill,-46.4,168.35,9.45,95,100,1.79,NZ,1734283674
106,sukuta,13.4103,-16.7082,36.01,23,0,6.17,GM,1734283675
107,bhimunipatnam,17.8833,83.4333,18.73,64,47,3.05,IN,1734283676
108,vilyuchinsk,52.9306,158.4028,-11.85,83,33,4.58,RU,1734283677
109,pointe michel,15.25,-61.3833,27.39,74,12,5.5,DM,1734283679
110,olyokminsk,60.3736,120.4264,-20.32,90,100,2.74,RU,1734283680
111,el granada,37.5027,-122.4694,10.06,94,0,0.45,US,1734283683
112,kolonia,50.9333,6.95,9.13,88,100,5.66,DE,1734283559
113,lihue,21.9789,-159.3672,22.77,94,75,4.63,US,1734283685
114,natal,-5.795,-35.2094,31.12,62,40,7.2,BR,1734283548
115,ribeira brava,32.65,-17.0667,21.11,80,100,6.76,PT,1734283688
116,utrik,11.2278,169.8474,27.54,81,67,10.57,MH,1734283689
117,macusani,-14.0833,-70.4333,9.7,62,81,4.72,PE,1734283393
118,anadyr,64.75,177.4833,-0.72,92,75,10.0,RU,1734283691
119,kodiak,57.79,-152.4072,-3.27,93,100,1.54,US,1734283692
120,lata,40.1629,-8.3327,8.7,58,100,2.21,PT,1734283694
121,charles town,39.289,-77.8597,1.75,79,100,2.24,US,1734283695
122,margaret river,-33.95,115.0667,15.06,68,82,6.59,AU,1734283408
123,jorhat,26.75,94.2167,15.04,69,0,0.74,IN,1734283698
124,tazacorte,28.629,-17.9293,27.54,23,40,9.26,ES,1734283699
125,mawlaik,23.6333,94.4167,14.2,82,0,0.29,MM,1734283700
126,barranca,-10.75,-77.7667,21.52,76,100,4.76,PE,1734283497
127,waddan,29.1614,16.139,18.74,29,65,3.72,LY,1734283703
128,marica,-22.9194,-42.8186,30.23,58,99,2.08,BR,1734283704
129,sisimiut,66.9395,-53.6735,-8.97,87,100,2.54,GL,1734283705
130,gorontalo,0.5412,123.0595,24.32,92,99,1.19,ID,1734283707
131,pikeville,37.4793,-82.5188,10.8,87,100,3.09,US,1734283708
132,bredasdorp,-34.5322,20.0403,16.62,52,100,5.69,ZA,1734283709
133,nevada,39.2502,-116.7512,-3.36,54,34,1.82,US,1734283710
134,san luis de la loma,17.2706,-100.8939,28.78,64,100,1.59,MX,1734283712
135,sao miguel do araguaia,-13.275,-50.1628,32.05,50,89,1.96,BR,1734283713
136,callao,-12.0667,-77.15,21.16,73,20,4.12,PE,1734283480
137,newman,37.3138,-121.0208,8.36,89,7,0.89,US,1734283689
138,clorinda,-25.2848,-57.7185,31.79,41,0,4.64,AR,1734283717
139,lubbock,33.6001,-101.8338,14.65,44,75,6.17,US,1734283608
140,ust-nera,64.5667,143.2,-29.84,97,65,0.73,RU,1734283721
141,nuuk,64.1835,-51.7216,-4.66,80,100,4.63,GL,1734283722
142,goz beida,13.95,20.55,23.67,12,5,3.68,TD,1734283723
143,azadshahr,34.7909,48.5707,-6.73,58,0,1.03,IR,1734283724
144,lumut,4.2323,100.6298,26.01,94,20,0.0,MY,1734283562
145,ocean shores,46.9737,-124.1563,5.57,91,20,3.6,US,1734283727
146,sumenep,-7.0167,113.8667,25.48,84,100,2.26,ID,1734283728
147,kavieng,-2.5744,150.7967,27.87,78,99,3.68,PG,1734283730
148,lindi,-10.0,39.7167,25.88,93,97,3.06,TZ,1734283731
149,tura,25.5198,90.2201,15.16,71,0,1.83,IN,1734283732
150,keflavik,64.0049,-22.5624,-0.76,100,75,3.09,IS,1734283734
151,dryden,49.7833,-92.7503,-0.84,100,100,4.63,CA,1734283735
152,hamilton,39.1834,-84.5333,8.88,93,100,4.12,US,1734283104
153,la passe,45.5549,-0.8967,9.02,77,81,0.81,FR,1734283737
154,mahibadhoo,3.7833,72.9667,28.22,75,97,2.56,MV,1734283739
155,nyurba,63.2842,118.3319,-34.96,100,29,1.81,RU,1734283740
156,idri,27.5,13.2667,16.15,38,55,2.39,LY,1734283741
157,port elizabeth,-33.918,25.5701,20.16,97,75,7.2,ZA,1734283742
158,bilibino,68.0546,166.4372,-20.75,100,91,1.36,RU,1734283744
159,faya-largeau,17.9257,19.1043,21.1,17,5,5.73,TD,1734283745
160,kalianget,-7.05,113.9333,26.17,83,100,2.41,ID,1734283746
161,arteche,12.2645,125.4048,25.66,90,98,5.15,PH,1734283748
162,qamdo,31.1667,97.2333,-5.55,15,3,2.05,CN,1734283749
163,nykarleby,63.5228,22.5307,-10.74,84,100,5.21,FI,1734283750
164,umm kaddadah,13.6017,26.6876,19.57,23,5,5.45,SD,1734283751
165,shibushi,31.4667,131.105,6.38,85,37,1.98,JP,1734283752
166,lebu,-37.6167,-73.65,17.18,67,0,5.56,CL,1734283754
167,san angelo,31.4638,-100.437,23.12,72,75,4.63,US,1734283580
168,touros,-5.1989,-35.4608,29.53,64,38,5.77,BR,1734283756
169,okha,53.5739,142.9478,-13.76,93,100,5.72,RU,1734283758
170,bodo,67.28,14.405,-0.98,69,100,10.29,NO,1734283591
171,archangelos,36.2149,28.1149,15.99,83,100,5.71,GR,1734283760
172,severodvinsk,64.5635,39.8302,-18.64,99,84,2.43,RU,1734283761
173,igarka,67.4667,86.5833,-7.81,93,100,10.95,RU,1734283763
174,lerwick,60.1545,-1.1494,9.21,86,100,17.57,GB,1734283764
175,badger,64.8,-147.5333,-33.07,68,20,0.0,US,1734283765
176,nyrob,60.733,56.7202,-23.58,100,95,1.6,RU,1734283766
177,walvis bay,-22.9575,14.5053,20.53,64,6,8.23,NA,1734283768
178,kourou,5.1552,-52.6478,29.4,66,87,3.73,GF,1734283769
179,kirkuk,35.4681,44.3922,7.26,26,27,3.52,IQ,1734283770
180,flying fish cove,-10.4217,105.6791,25.82,94,100,2.57,CX,1734283771
181,puerto baquerizo moreno,-0.9,-89.6,25.55,73,75,7.2,EC,1734283773
182,waasmunster,51.1188,4.0773,9.78,93,100,5.34,BE,1734283774
183,al bawiti,28.3492,28.8659,14.34,40,12,3.47,EG,1734283775
184,berdigestyakh,62.0989,126.6992,-22.77,94,100,4.29,RU,1734283776
185,smithers,54.7804,-127.1743,-4.82,93,75,2.06,CA,1734283778
186,susuman,62.7833,148.1667,-23.36,98,100,1.29,RU,1734283779
187,chonchi,-42.6128,-73.8092,23.04,36,41,2.29,CL,1734283780
188,cozumel,20.5083,-86.9458,27.04,69,20,6.17,MX,1734283757
189,port macquarie,-31.4333,152.9167,21.15,99,27,1.12,AU,1734283783
190,sinabang,2.4803,96.3801,26.26,84,61,1.96,ID,1734283784
191,saipan,15.1355,145.701,28.39,79,20,7.2,MP,1734283785
192,popondetta,-8.7537,148.2534,23.76,97,100,1.17,PG,1734283786
193,mariental,-24.6333,17.9667,34.98,9,13,10.47,NA,1734283788
194,eshowe,-28.8865,31.4699,30.22,38,66,8.41,ZA,1734283789
195,kirensk,57.7853,108.1119,-24.59,100,96,0.57,RU,1734283790
196,portadown,54.4241,-6.4412,11.34,84,100,8.0,GB,1734283791
197,mpika,-11.8343,31.4529,22.21,59,49,1.2,ZM,1734283793
198,guiping,23.3925,110.0814,10.9,27,77,1.34,CN,1734283794
199,celanova,42.153,-7.9551,4.46,70,80,1.68,ES,1734283795
200,hermanus,-34.4187,19.2345,17.11,58,99,4.88,ZA,1734283797
201,barra de santo antonio,-9.4047,-35.5072,28.07,70,22,5.39,BR,1734283798
202,horta,38.5333,-28.6333,18.8,88,40,10.29,PT,1734283799
203,namibe,-15.1961,12.1522,23.5,72,7,5.82,AO,1734283800
204,khovd,48.0056,91.6419,-17.52,82,39,0.36,MN,1734283802
205,las palmas,28.4204,-14.0131,19.44,68,0,3.6,ES,1734283803
206,san julian,21.0167,-102.1667,22.27,22,27,3.72,MX,1734283804
207,kruisfontein,-34.0033,24.7314,17.07,80,90,8.7,ZA,1734283806
208,san jose del guaviare,2.5729,-72.6459,35.86,30,20,2.86,CO,1734283808
209,port lavaca,28.615,-96.6261,27.03,69,75,5.66,US,1734283809
210,minas de marcona,-15.2119,-75.1103,21.41,57,100,6.57,PE,1734283579
211,loukhi,66.0764,33.0381,-15.13,98,73,1.21,RU,1734283812
212,praia da vitoria,38.7333,-27.0667,17.14,88,75,9.42,PT,1734283813
213,reggane,26.7158,0.1714,21.26,15,29,6.46,DZ,1734283814
214,nizhniye sergi,56.6614,59.3033,-16.44,94,100,4.12,RU,1734283817
215,lobujya,27.95,86.8167,-7.76,11,0,3.37,NP,1734283818
216,tabas,33.5959,56.9244,3.12,20,0,4.12,IR,1734283819
217,altai,46.3722,96.2583,-12.24,28,46,0.68,MN,1734283821
218,bamboo flat,11.7,92.7167,26.05,89,100,3.09,IN,1734283822
219,enewetak,11.3474,162.3373,27.83,80,49,10.69,MH,1734283823
220,maxixe,-23.8597,35.3472,27.9,78,20,4.12,MZ,1734283825
221,tionk essil,12.7856,-16.5217,28.01,54,13,5.66,SN,1734283826
222,aljezur,37.3191,-8.8033,13.14,53,81,3.25,PT,1734283827
223,mont-laurier,46.5501,-75.4993,-5.28,76,98,2.69,CA,1734283828
224,jayapura,-2.5333,140.7,25.66,89,99,2.1,ID,1734283830
225,midvagur,62.0511,-7.1939,5.46,70,75,12.35,FO,1734283831
226,stanley,54.868,-1.6985,11.01,87,75,7.72,GB,1734283832
227,sihanoukville,10.6093,103.5296,25.97,73,40,2.57,KH,1734283834
228,al-hamdaniya,36.2715,43.3737,5.39,31,16,2.23,IQ,1734283835
229,yaren,-0.5472,166.916,27.79,79,95,4.98,NR,1734283836
230,pangody,65.85,74.4859,-9.48,94,100,6.72,RU,1734283837
231,sitka,57.0531,-135.33,0.94,86,100,0.0,US,1734283839
232,amalapuram,16.5833,82.0167,20.11,73,91,1.28,IN,1734283840
233,luwero,0.8492,32.4731,20.03,78,50,1.32,UG,1734283842
234,inhambane,-23.865,35.3833,27.99,78,20,4.12,MZ,1734283844
235,guelendeng,10.9176,15.5501,25.62,17,81,3.66,TD,1734283845
236,caarapo,-22.6342,-54.8222,27.56,47,1,4.4,BR,1734283846
237,lompoc,34.6391,-120.4579,11.4,67,0,6.17,US,1734283847
238,myrina,39.8797,25.0742,12.58,88,40,1.54,GR,1734283848
239,rongelap,11.1635,166.8941,27.63,80,17,9.74,MH,1734283850
240,eforie sud,44.0229,28.6494,5.43,81,44,4.32,RO,1734283851
241,yacuiba,-22.038,-63.6797,31.94,31,26,2.93,BO,1734283852
242,vershino-darasunskiy,52.35,115.5167,-23.74,94,5,1.94,RU,1734283853
243,haiku-pauwela,20.9219,-156.3051,22.36,82,72,8.05,US,1734283855
244,claiborne,32.516,-92.1918,21.52,83,100,4.12,US,1734283856
245,phu khiao,16.3765,102.1285,17.36,66,53,0.94,TH,1734283857
246,gornozavodsk,58.3758,58.3211,-19.08,99,100,1.88,RU,1734283859
247,tarumizu,31.4833,130.7,9.39,79,75,2.55,JP,1734283860
248,geraldton,-28.7667,114.6,20.23,64,100,4.63,AU,1734283861
249,yujing,23.1249,120.4614,14.21,64,97,1.12,TW,1734283862
250,tokar,18.4254,37.729,25.73,68,81,5.78,SD,1734283864
251,kone,-21.0595,164.8658,24.87,86,92,2.13,NC,1734283865
252,herval,-32.0236,-53.3956,16.23,99,100,7.92,BR,1734283866
253,sergeyevka,53.88,67.4158,-16.6,92,19,6.3,KZ,1734283868
254,yerofey pavlovich,53.9667,121.9667,-20.85,87,95,1.8,RU,1734283805
255,pardubice,50.0407,15.7766,4.03,76,75,8.94,CZ,1734283870
256,cole harbour,44.6724,-63.4751,1.63,48,0,5.14,CA,1734283872
257,ishigaki,24.3448,124.1572,17.07,67,100,5.14,JP,1734283873
258,northam,51.0333,-4.2167,11.37,86,86,7.21,GB,1734283874
259,dali,25.7,100.1833,7.44,64,0,0.58,CN,1734283875
260,oum hadjer,13.2954,19.6966,24.64,14,6,4.18,TD,1734283876
261,tra vinh,9.9347,106.3453,22.62,98,100,1.69,VN,1734283879
262,grantsville,40.5999,-112.4644,5.16,61,75,3.58,US,1734283880
263,mineros,-17.1167,-63.2333,35.55,28,75,2.62,BO,1734283881
264,lockwood,45.8191,-108.4149,4.05,88,75,2.57,US,1734283883
265,new norfolk,-42.7826,147.0587,15.51,92,10,1.28,AU,1734283884
266,arkhangel'sk,64.5401,40.5433,-13.94,85,75,2.0,RU,1734283885
267,san antonio de pale,-1.4014,5.6325,26.91,82,73,2.95,GQ,1734283887
268,hengchun,22.0042,120.7439,18.16,71,99,6.49,TW,1734283888
269,kunyang,27.6658,120.5658,5.15,69,7,1.86,CN,1734283889
270,mount gambier,-37.8333,140.7667,25.26,42,100,4.14,AU,1734283891
271,lerik,38.7726,48.4128,-3.18,59,62,5.11,AZ,1734283892
272,trapani,37.8333,12.6667,12.05,67,40,5.14,IT,1734283893
273,baiquan,47.5833,126.0833,-25.38,97,46,2.24,CN,1734283894
274,retreat,38.8245,-85.8533,12.21,87,100,2.24,US,1734283896
275,maceio,-9.6658,-35.7353,30.69,66,75,8.75,BR,1734283843
276,calca,-13.3333,-71.95,20.64,57,97,3.78,PE,1734283898
277,tezu,27.9167,96.1667,16.12,38,0,2.07,IN,1734283900
278,zouerate,22.7187,-12.4521,26.53,10,100,7.46,MR,1734283901
279,cabedelo,-6.9811,-34.8339,31.37,71,80,5.38,BR,1734283902
280,howard springs,-12.497,131.047,29.95,87,100,2.76,AU,1734283903
281,casper,42.8666,-106.3131,6.01,48,0,12.86,US,1734283905
282,puerto palomas,31.7667,-107.6167,15.56,19,71,1.28,MX,1734283906
283,holualoa,19.6228,-155.9522,19.91,81,0,2.57,US,1734283908
284,novi,42.4806,-83.4755,2.89,97,100,0.45,US,1734283909
285,coahuayana de hidalgo,18.7,-103.6583,31.27,56,64,2.08,MX,1734283910
286,belyy yar,53.6039,91.3903,-17.06,85,18,1.0,RU,1734283911
287,minas de matahambre,22.5887,-83.9447,27.66,56,9,6.03,CU,1734283913
288,kolyvan',55.3053,82.7391,-4.32,91,100,5.44,RU,1734283914
289,qui nhon,13.7667,109.2333,23.0,87,97,9.06,VN,1734283915
290,leava,-14.3,-178.1667,27.42,79,74,6.4,WF,1734283917
291,patterson,37.4716,-121.1297,9.44,85,7,3.35,US,1734283918
292,mapimi,25.8167,-103.85,23.98,33,0,3.31,MX,1734283919
293,mulanje,-16.0316,35.5,25.55,67,100,3.46,MW,1734283921
294,jieshi,22.8134,115.8257,14.59,51,98,4.24,CN,1734283922
295,thames,-37.1333,175.5333,17.03,93,100,0.16,NZ,1734283923
296,san antero,9.3741,-75.7589,28.56,70,9,2.16,CO,1734283741
297,dzhangala,49.2167,50.3333,-3.7,50,100,7.51,KZ,1734283926
298,ola,59.5833,151.2833,-15.14,78,100,6.65,RU,1734283927
299,bethanie,-26.4833,17.15,25.45,15,13,8.11,NA,1734283929
300,yuzhno-kurilsk,44.0306,145.8556,-2.7,71,76,10.17,RU,1734283930
301,beyneu,45.3167,55.2,-4.08,86,24,5.99,KZ,1734283931
302,howrah,22.5892,88.3103,19.0,63,1,0.0,IN,1734283933
303,polyarnyy,69.1989,33.4478,-17.82,100,99,4.82,RU,1734283934
304,aasiaat,68.7098,-52.8699,-8.17,73,100,1.98,GL,1734283935
305,ancud,-41.8697,-73.8203,17.69,64,49,2.78,CL,1734283937
306,maryville,35.7565,-83.9705,10.08,94,100,1.54,US,1734283827
307,saint augustine beach,29.8505,-81.2654,23.92,83,13,2.57,US,1734283940
308,saint-francois,46.4154,3.9054,4.8,93,100,1.03,FR,1734283942
309,afaahiti,-17.75,-149.2833,25.17,79,100,3.59,PF,1734283943
310,port augusta,-32.5,137.7667,31.84,19,66,3.6,AU,1734283891
311,vila franca do campo,37.7167,-25.4333,18.27,99,91,9.18,PT,1734283776
312,itaituba,-4.2761,-55.9836,30.09,70,75,1.54,BR,1734283947
313,pirallahi,40.4723,50.333,6.08,69,63,13.51,AZ,1734283948
314,riverton,40.5219,-111.9391,5.58,57,75,5.14,US,1734283949
315,shangqiu,34.45,115.65,0.5,29,0,3.34,CN,1734283951
316,isangel,-19.55,169.2667,25.09,89,57,2.18,VU,1734283952
317,saraykent,39.6936,35.5111,0.59,44,99,2.71,TR,1734283953
318,jiehu,35.5428,118.455,-0.49,37,0,0.73,CN,1734283956
319,mil'kovo,55.6078,37.7956,-2.59,50,100,4.22,RU,1734283958
320,pandan,14.0453,124.1694,25.69,88,99,7.3,PH,1734283959
321,aldinga beach,-35.2793,138.4604,32.82,32,52,7.13,AU,1734283961
322,mersa matruh,31.3525,27.2453,17.11,63,0,2.57,EG,1734283962
323,gisborne,-38.6533,178.0042,17.78,87,88,3.66,NZ,1734283963
324,heihe,50.2441,127.4902,-19.68,84,30,4.46,CN,1734283964
325,klyuchi,52.2667,79.1667,-5.87,93,100,6.12,RU,1734283966
326,glace bay,46.1969,-59.957,0.55,66,75,5.66,CA,1734283835
327,eastham,41.8301,-69.9739,4.43,64,0,2.06,US,1734283942
328,usogorsk,63.4106,48.6872,-31.02,100,4,1.22,RU,1734283971
329,arraial do cabo,-22.9661,-42.0278,27.92,65,75,6.17,BR,1734283972
330,nikolayevsk-on-amure,53.1406,140.73,-28.47,98,44,2.23,RU,1734283974
331,kuala kangsar,4.7667,100.9333,25.96,99,92,0.67,MY,1734283975
332,paita,-5.0892,-81.1144,23.45,66,57,5.84,PE,1734283976
333,tyukhtet,56.5389,89.3011,-7.0,82,96,2.98,RU,1734283977
334,labytnangi,66.6572,66.4183,-14.59,89,100,3.67,RU,1734283979
335,sinop,41.7711,34.8709,1.97,85,100,5.26,TR,1734283980
336,ariquemes,-9.9133,-63.0408,25.91,82,99,2.23,BR,1734283981
337,uturoa,-16.7333,-151.4333,26.34,76,100,4.15,PF,1734283982
338,oude pekela,53.1042,7.0097,10.02,97,100,7.78,NL,1734283984
339,iskateley,67.6803,53.1512,-16.66,94,99,3.1,RU,1734283985
340,tahe,52.3333,124.7333,-16.63,77,67,4.66,CN,1734283986
341,fort bragg,35.139,-79.006,14.39,65,20,3.6,US,1734283988
342,itoman,26.1247,127.6694,14.49,55,92,4.52,JP,1734283989
343,macas,-2.3167,-78.1167,20.86,88,75,4.63,EC,1734283990
344,kukawa,12.9234,13.5606,20.77,40,36,2.7,NG,1734283992
345,al jadid,27.05,14.4,15.94,38,100,2.9,LY,1734283993
346,severo-yeniseyskiy,60.3725,93.0408,-5.5,72,100,3.28,RU,1734283994
347,kogalym,62.2654,74.4791,-13.09,89,98,9.13,RU,1734283997
348,sola,-13.8833,167.55,27.64,80,100,6.49,VU,1734283998
349,cabo san lucas,22.8909,-109.9124,27.09,54,0,1.54,MX,1734283795
350,karamay,45.6004,84.8661,-9.68,76,100,5.08,CN,1734284001
351,warmbad,-28.45,18.7333,24.35,14,61,8.43,NA,1734284002
352,port lincoln,-34.7333,135.8667,25.83,44,78,4.24,AU,1734284003
353,gamboma,-1.8764,15.8644,26.92,69,83,1.49,CG,1734284005
354,kidal,18.4411,1.4078,24.22,7,7,4.26,ML,1734284006
355,chita,52.0333,113.55,-30.06,76,20,1.0,RU,1734284007
356,sechura,-5.5569,-80.8222,26.24,55,62,5.88,PE,1734284009
357,dudinka,69.4058,86.1778,-6.86,87,100,11.07,RU,1734284010
358,dalbandin,28.8947,64.4101,11.92,43,10,3.0,PK,1734284011
359,loikaw,19.6742,97.2094,17.88,96,79,0.44,MM,1734284012
360,michurinsk,52.8978,40.4907,-1.57,97,100,4.81,RU,1734284014
361,happy valley-goose bay,53.3168,-60.3315,-3.83,58,75,6.17,CA,1734284015
362,ust'-kulom,61.6864,53.6902,-27.5,100,24,0.56,RU,1734284016
363,dayrut,27.556,30.8076,16.14,38,12,3.26,EG,1734284017
364,yichun,47.7,128.9,-24.59,100,77,1.41,CN,1734284019
365,nova sintra,14.8667,-24.7167,24.91,77,100,7.72,CV,1734284020
366,antofagasta,-23.65,-70.4,20.6,72,9,4.94,CL,1734283618
367,talnakh,69.4865,88.3972,-10.01,81,100,6.18,RU,1734284022
368,tubarjal,30.4999,38.216,8.66,19,0,4.21,SA,1734284024
369,bandar-e lengeh,26.5579,54.8807,20.06,60,0,0.0,IR,1734284025
370,celestun,20.8667,-90.4,27.11,62,20,4.58,MX,1734284027
371,turpan,42.9333,89.1667,-7.17,67,5,0.2,CN,1734284028
372,piti village,13.4626,144.6933,28.03,85,20,5.14,GU,1734284029
373,griffith,41.5284,-87.4237,7.13,95,100,3.09,US,1734284030
374,mejit,10.2753,170.8646,27.4,81,97,9.99,MH,1734284031
375,kavaratti,10.5669,72.642,26.98,84,11,3.85,IN,1734284033
376,gebeit,21.0667,36.3167,18.09,59,0,3.12,SD,1734284034
377,ashburton,-37.8626,145.0794,20.65,77,1,2.47,AU,1734284035
378,kirtland,36.7342,-108.3598,6.62,35,55,0.57,US,1734284037
379,saint croix,17.7397,-64.7388,29.25,81,0,4.12,VI,1734284038
380,bargaal,11.2864,51.0773,25.33,71,38,8.61,SO,1734284039
381,saacow,1.6279,42.4407,27.45,63,64,7.62,SO,1734284040
382,kuta,-8.7233,115.1723,26.97,89,20,2.06,ID,1734284042
383,aizkraukle,56.6048,25.2553,-0.93,90,100,4.14,LV,1734284043
384,kalabo,-14.97,22.6814,25.39,54,77,2.51,ZM,1734284044
385,zeya,53.75,127.2667,-20.9,91,80,1.72,RU,1734284045
386,remire-montjoly,4.9167,-52.2667,31.02,66,75,6.69,GF,1734284047
387,buka,40.8108,69.1986,-3.58,93,100,3.96,UZ,1734284048
388,puerto escondido,15.85,-97.0667,29.46,74,40,1.54,MX,1734284050
389,nizhnyaya tavda,57.6731,66.1725,-12.55,77,100,5.84,RU,1734284051
390,'ain el melh,34.8415,4.1638,6.73,63,12,8.02,DZ,1734284054
391,sroda wielkopolska,52.2284,17.2762,4.56,96,100,8.03,PL,1734284055
392,katima mulilo,-17.5,24.2667,26.79,47,55,2.13,NA,1734284056
393,palotina,-24.2839,-53.84,27.95,47,0,5.68,BR,1734284057
394,mugia,43.1041,-9.2179,11.58,66,67,2.28,ES,1734284058
395,hotan,37.0997,79.9269,-5.64,60,42,0.74,CN,1734284061
396,mount pearl,47.5166,-52.7813,-1.03,63,75,6.69,CA,1734284062
397,road town,18.4167,-64.6167,30.02,70,40,2.57,VG,1734284063
398,medina,24.4686,39.6142,19.24,20,0,7.72,SA,1734284064
399,chittarkonda,18.1167,82.0833,14.21,51,38,1.58,IN,1734284066
400,mvurwi,-17.0333,30.85,22.16,49,48,1.51,ZW,1734284053
401,kardla,58.9978,22.7492,-2.01,86,100,1.54,EE,1734284068
402,westerland,54.9079,8.3033,9.01,93,75,9.26,DE,1734284069
403,coxen hole,16.3244,-86.5366,28.6,61,40,5.66,HN,1734284071
404,barah,13.7,30.3667,22.64,33,1,5.34,SD,1734284072
405,lepsy,46.235,78.9456,-3.14,95,100,10.28,KZ,1734284073
406,kapuskasing,49.4169,-82.4331,-2.95,93,100,5.66,CA,1734283862
407,bel ombre,-4.6167,55.4167,25.91,89,20,0.0,SC,1734284076
408,antonina,-25.4286,-48.7119,32.03,43,62,1.57,BR,1734284077
409,hami,42.8,93.45,-8.0,58,1,1.34,CN,1734284078
410,borogontsy,62.6683,131.1683,-33.41,100,100,0.64,RU,1734284080
411,oban,56.4127,-5.4706,10.88,93,100,12.44,GB,1734284081
412,chilon,17.2333,-92.4167,24.63,60,43,1.48,MX,1734284082
413,riohacha,11.5444,-72.9072,32.06,62,40,4.12,CO,1734284085
414,crane,31.3974,-102.3501,20.83,44,64,5.53,US,1734284086
415,katsuura,35.1333,140.3,9.89,69,1,7.05,JP,1734284087
416,westport,41.1415,-73.3579,2.93,61,0,3.6,US,1734284089
417,corinto,37.9407,22.9573,14.38,75,100,2.24,GR,1734284090
418,semera,11.501,41.201,24.15,49,0,8.12,ET,1734284091
419,point hill,18.0899,-77.1076,26.59,69,58,3.98,JM,1734284092
420,egilsstadir,65.2653,-14.3948,-1.05,69,75,2.06,IS,1734284094
421,sochi,43.6,39.7303,6.05,63,100,6.02,RU,1734283831
422,prado,-17.3411,-39.2208,28.31,71,92,6.72,BR,1734284096
423,tarakan,3.3,117.6333,26.97,80,100,2.26,ID,1734284098
424,lewiston orchards,46.3804,-116.9754,5.95,69,0,2.57,US,1734284100
425,langtoucun,40.0261,124.3286,-3.9,44,0,0.66,CN,1734284101
426,fort st. john,56.2499,-120.8529,-20.06,77,100,4.63,CA,1734284102
427,attapeu,14.8,106.8333,21.51,69,100,1.85,LA,1734284103
428,enoch,37.7733,-113.0244,6.93,55,0,0.89,US,1734284105
429,uyuni,-20.4597,-66.825,20.15,14,36,6.71,BO,1734284106
430,alofi,-19.0595,-169.9187,22.94,88,20,4.12,NU,1734284107
431,angel r. cabada,18.5833,-95.4333,26.7,66,30,4.58,MX,1734284108
432,iquique,-20.2208,-70.1431,21.2,71,82,4.44,CL,1734283846
433,chamical,-30.36,-66.314,33.54,19,75,7.97,AR,1734284111
434,fish town,5.1964,-7.8756,28.17,60,28,2.63,LR,1734284112
435,jinchang,38.4953,102.1739,-5.84,39,4,3.3,CN,1734284113
436,lhasa,29.65,91.1,-3.05,15,0,0.19,CN,1734284115
437,bullhead city,35.1478,-114.5683,15.05,30,8,4.02,US,1734284116
438,villa gesell,-37.2639,-56.973,17.84,62,0,7.57,AR,1734284117
439,kupang,-10.1667,123.5833,27.32,94,100,2.57,ID,1734284119
440,hiratacho,35.4333,132.8167,7.98,66,75,2.57,JP,1734284120
441,sesheke,-17.4759,24.2968,26.93,46,57,1.93,ZM,1734284121
442,quang ngai,15.1167,108.8,20.66,96,100,2.82,VN,1734284123
443,charters towers,-20.1,146.2667,24.84,82,0,2.48,AU,1734284125
444,kisesa,-3.0833,34.15,19.55,87,87,1.04,TZ,1734284127
445,gagliano del capo,39.8442,18.3695,11.42,78,100,6.64,IT,1734284128
446,hadibu,12.65,54.0333,24.71,74,65,7.55,YE,1734284129
447,roccella ionica,38.322,16.4009,13.15,70,100,3.58,IT,1734284132
448,castillos,-34.1667,-53.8333,20.99,73,89,6.13,UY,1734284133
449,lebanon,36.2081,-86.2911,12.49,94,100,6.69,US,1734284020
450,tinaan,11.2667,123.75,27.44,80,95,6.17,PH,1734284136
451,west kelowna,49.8625,-119.5833,0.84,94,100,1.03,CA,1734283867
452,phek,25.6667,94.5,6.15,91,0,0.66,IN,1734284140
453,tashtyp,52.7939,89.8983,-13.5,95,48,0.24,RU,1734284141
454,moree,-29.4667,149.85,24.55,57,15,1.93,AU,1734284142
455,lanxi,29.2195,119.477,2.65,63,0,0.09,CN,1734284144
456,tindouf,27.6711,-8.1474,22.25,16,40,4.12,DZ,1734284145
457,labrador city,52.9463,-66.9114,-7.12,68,75,6.71,CA,1734284146
458,sofo-birnin-gwari,11.0154,6.7804,22.6,19,61,3.1,NG,1734284149
459,kasongo-lunda,-6.4667,16.8167,22.99,95,70,0.81,CD,1734284150
460,port blair,11.6667,92.75,26.02,89,100,3.09,IN,1734284151
461,xilin hot,43.9667,116.0333,-10.14,81,100,4.28,CN,1734284153
462,turtas,58.9417,69.1325,-13.11,91,100,4.54,RU,1734284154
463,lander,42.833,-108.7307,4.45,45,0,0.0,US,1734284155
464,cape canaveral,28.4058,-80.6048,26.15,68,0,7.2,US,1734284054
465,andradina,-20.8961,-51.3794,28.52,60,69,3.9,BR,1734283890
466,santa sylvina,-27.8326,-61.1375,31.7,25,0,5.77,AR,1734284159
467,pacocha,-17.5833,-71.3333,21.54,74,78,3.63,PE,1734284160
468,linhares,-19.3911,-40.0722,28.17,72,99,3.3,BR,1734284114
469,spring creek,40.7266,-115.5859,-0.1,70,39,2.24,US,1734284230
470,la oliva,28.6105,-13.9291,19.66,68,0,3.6,ES,1734284232
471,alice springs,-23.7,133.8833,26.75,47,81,3.6,AU,1734284233
472,la palma,33.8464,-118.0467,15.95,79,20,2.06,US,1734284235
473,ocean city,39.2776,-74.5746,6.66,73,100,1.34,US,1734284236
474,guigang,23.0964,109.6092,13.32,24,100,1.62,CN,1734284240
475,i-n-salah,27.1935,2.4607,20.02,19,0,8.28,DZ,1734284241
476,majene,-3.5403,118.9707,24.7,82,100,2.73,ID,1734284243
477,bonnyville,54.2668,-110.735,-10.37,92,46,4.89,CA,1734284244
478,hirara,24.8,125.2833,17.92,59,100,7.72,JP,1734284245
479,luena,-11.7833,19.9167,19.21,87,82,1.61,AO,1734284247
480,alotau,-10.3069,150.4462,24.94,92,100,1.89,PG,1734284248
481,yuzhno-sukhokumsk,44.6581,45.6436,-1.34,87,82,0.22,RU,1734284250
482,naze,28.3667,129.4833,12.51,68,98,4.32,JP,1734284252
483,gereida,11.2811,25.1414,22.04,24,23,4.83,SD,1734284253
484,san patricio,28.017,-97.5169,25.97,64,39,7.12,US,1734284254
485,margate,51.3813,1.3862,11.6,88,76,0.45,GB,1734284020
486,primorsko-akhtarsk,46.0497,38.1747,6.15,89,100,8.51,RU,1734284257
487,zheleznogorsk-ilimskiy,56.5768,104.1217,-20.94,100,87,1.31,RU,1734284258
488,ketchikan,55.3422,-131.6461,-0.68,89,75,1.34,US,1734284259
489,plettenberg bay,-34.0527,23.3716,17.14,78,85,6.28,ZA,1734284261
490,ylitornio,66.3089,23.6773,-10.52,87,92,5.75,FI,1734284262
491,port alberni,49.2413,-124.8028,4.82,91,48,0.68,CA,1734284263
492,sierra grande,-41.606,-65.3557,30.21,23,0,6.74,AR,1734284264
493,hailar,49.2,119.7,-27.81,96,4,1.58,CN,1734284266
494,gubkinskiy,64.434,76.5026,-9.27,88,100,11.1,RU,1734284267
495,yardimli,38.9206,48.2372,-3.21,62,63,4.18,AZ,1734284268
496,san ignacio,17.1561,-89.0714,23.08,94,75,2.06,BZ,1734284269
497,gazojak,41.1875,61.4036,-1.61,64,7,4.41,TM,1734284271
498,wuxue,29.8506,115.5525,3.94,35,12,1.69,CN,1734284272
499,colonia,50.9333,6.95,9.36,89,100,2.06,DE,1734284058
500,wankyi,7.7392,-2.1046,28.09,16,4,1.47,GH,1734284276
501,fale old settlement,-9.3852,-171.2468,28.0,75,16,5.21,TK,1734284277
502,kristiansund,63.1115,7.732,5.63,87,100,8.23,NO,1734284279
503,barcelona,41.3888,2.159,11.5,68,0,1.54,ES,1734283645
504,kanor,24.4333,74.2667,13.18,25,0,2.86,IN,1734284281
505,greenbrier,36.4276,-86.8047,11.72,94,100,2.57,US,1734284240
506,dzyarzhynsk,53.6832,27.138,-1.44,89,96,7.63,BY,1734284284
507,sona,45.4388,10.8255,3.81,98,100,1.54,IT,1734284285
508,dhuusamarreeb,5.535,46.3861,27.21,49,24,8.26,SO,1734284287
509,port saint john's,-31.6229,29.5448,22.35,75,81,8.02,ZA,1734284288
510,saint-joseph,-21.3667,55.6167,25.21,81,34,4.49,RE,1734284289
511,forster,-32.1667,152.5167,19.1,97,11,1.48,AU,1734284291
512,nantucket,41.2835,-70.0995,4.06,48,100,2.57,US,1734284292
513,freetown,8.484,-13.2299,29.84,74,20,4.12,SL,1734284293
514,arvayheer,46.2639,102.775,-12.04,67,95,2.84,MN,1734284294
515,oranjemund,-28.55,16.4333,17.1,82,59,4.6,NA,1734284296
516,mayya,61.7333,130.2811,-26.62,98,100,1.84,RU,1734284297
517,saldanha,-33.0117,17.9442,18.03,67,93,6.22,ZA,1734284298
518,torghay,49.6339,63.4981,-7.72,58,4,5.83,KZ,1734284299
519,nadi,-17.8,177.4167,22.0,83,20,0.0,FJ,1734284301
520,sandnessjoen,66.0217,12.6316,1.06,93,75,6.17,NO,1734284302
521,deoria,26.5047,83.7872,15.06,34,0,2.04,IN,1734284303
522,dul'durga,50.6761,113.5931,-19.4,99,18,1.88,RU,1734284305
523,chernyshevskiy,63.0128,112.4714,-34.3,100,79,0.72,RU,1734284306
524,shenjiamen,29.9576,122.298,6.41,54,0,4.71,CN,1734284307
525,alvorada,-12.48,-49.1247,29.76,56,96,2.64,BR,1734284309
526,paris,48.8534,2.3488,9.43,95,100,4.12,FR,1734283641
527,tsiombe,-25.3,45.4833,25.53,78,20,6.96,MG,1734284311
528,cartagena,10.3997,-75.5144,30.79,66,20,2.26,CO,1734284312
529,meadow lakes,61.6247,-149.6011,-7.06,87,100,1.54,US,1734284314
530,estevan,49.1334,-102.9842,-2.1,80,100,2.06,CA,1734283879
531,kasane,-17.8167,25.15,24.96,57,80,3.36,BW,1734284316
532,kandahar,31.0,65.75,10.72,59,81,6.17,AF,1734284077
533,anna regina,7.2644,-58.5077,28.56,71,23,4.34,GY,1734284318
534,undurkhaan,47.3194,110.6556,-10.45,80,30,2.0,MN,1734284320
535,christchurch,-43.5333,172.6333,15.53,84,100,6.17,NZ,1734284311
536,boguchany,58.3814,97.4531,-10.74,88,87,1.81,RU,1734284322
537,fort wellington,6.4,-57.6,28.79,69,58,4.88,GY,1734284324
538,wenshui,28.4506,106.5267,1.18,92,12,0.92,CN,1734284326
539,cumana,10.4635,-64.1775,28.36,67,7,1.91,VE,1734284138
540,carloforte,39.145,8.3058,12.99,67,93,10.78,IT,1734284329
541,white hall,34.274,-92.091,14.36,95,100,2.06,US,1734284330
542,suva,-18.1416,178.4415,21.71,100,20,1.03,FJ,1734284074
543,ierapetra,35.01,25.7353,18.41,73,22,1.34,GR,1734284333
544,jora,26.3333,77.8167,12.68,30,2,0.69,IN,1734284272
545,chibougamau,49.9168,-74.3659,-12.21,85,0,4.12,CA,1734284335
546,aykhal,66.0,111.5,-25.15,93,35,1.85,RU,1734284336
547,serdar,38.9764,56.2757,0.45,53,0,6.39,TM,1734284338
548,musaffah,24.3458,54.5024,21.05,60,40,4.63,AE,1734284339
549,al hawatah,13.4167,34.6333,29.28,28,17,4.37,SD,1734284340
550,bandarbeyla,9.4942,50.8122,25.06,79,18,11.47,SO,1734284341
551,las tablas,7.7667,-80.2833,28.54,68,9,5.85,PA,1734284343
552,hilo,19.7297,-155.09,20.62,82,0,3.6,US,1734284344
553,rio grande,-32.035,-52.0986,20.99,78,98,8.88,BR,1734284345
554,bol'shoye boldino,55.0059,45.3142,-3.49,94,100,6.13,RU,1734284347
555,quellon,-43.1167,-73.6167,17.02,62,60,5.33,CL,1734284348
556,kuragino,53.8975,92.6725,-19.2,98,23,2.15,RU,1734284349
557,sinazongwe,-17.2614,27.4618,29.3,57,19,0.95,ZM,1734284053
558,lionel town,17.8101,-77.2406,29.99,58,7,1.66,JM,1734284352
559,tralee,52.2704,-9.7026,10.79,91,100,4.38,IE,1734284353
560,lagunas,-5.2269,-75.6753,26.66,95,100,1.26,PE,1734284354
561,nogliki,51.8333,143.1667,-23.51,91,100,2.79,RU,1734284356
562,mar del plata,-38.0023,-57.5575,18.01,71,20,6.17,AR,1734283621
563,santa cruz del norte,23.1539,-81.9236,25.21,76,52,10.68,CU,1734284358
