state,city,avg.list price,avg.price/sqft,avg.days on market,lat,lng
Alabama,Huntsville,374500.0,162.0,91.0,34.729847,-86.5859011
Alabama,Birmingham,165000.0,90.0,82.0,33.5134003,-86.8057209
Alabama,Mobile,250590.0,124.0,85.0,30.6913462,-88.0437509
Alabama,Madison,541725.0,177.0,108.0,34.6928726,-86.7511427
Alabama,Montgomery,190000.0,108.0,81.0,32.37742,-86.3091683
Alabama,Gulf Shores,514500.0,285.0,131.0,30.2711224,-87.6893826
Alabama,Hoover,514950.0,172.0,86.0,32.54184445140826,-86.13838622033934
Alabama,Fairhope,622245.0,214.0,108.0,30.52369551356099,-87.91095006607681
Alabama,Orange Beach,745000.0,442.0,134.0,30.2943681,-87.5735935
Alabama,Athens,349900.0,155.0,103.0,33.60174251755471,-85.95915122164841
Alabama,Tuscaloosa,379950.0,196.0,71.0,33.190174,-87.2514342
Alabama,Auburn,448889.0,207.0,88.0,32.560930529471804,-85.67071645191402
Alabama,Vestavia Hills,505000.0,219.0,78.0,33.4487989,-86.7879492
Alabama,Dothan,255950.0,128.0,49.0,31.2237285,-85.3934375
Alabama,Trussville,429900.0,160.0,76.0,33.6196266,-86.6084342
Alabama,Mountain Brook,734000.0,280.0,66.0,33.5019459,-86.7556834
Alabama,Decatur,279900.0,137.0,96.0,32.377922,-86.3026261632653
Alabama,Foley,334780.0,176.0,91.0,34.36975226884591,-86.50443652319886
Alabama,Daphne,325000.0,172.0,99.0,33.78492731990432,-86.47758397462714
Alabama,Pelham,354900.0,162.0,66.0,33.69236510690246,-85.82931832196185
Alaska,Anchorage,452000.0,222.0,61.0,60.9407233,-149.1718369
Alaska,Fairbanks,289000.0,99.0,62.0,64.837845,-147.716675
Alaska,Juneau,485000.0,254.0,72.0,58.3019496,-134.419734
Alaska,Wasilla,499950.0,222.0,53.0,61.5824216,-149.442563
Alaska,Palmer,530200.0,192.0,95.0,61.5995703,-149.11109
Alaska,Homer,582500.0,248.0,162.0,59.6454064,-151.5445643
Alaska,Ketchikan,405000.0,238.0,108.0,55.3430696,-131.6466819
Alaska,Sitka,739000.0,,134.0,57.0524973,-135.337612
Alaska,Soldotna,412000.0,200.0,114.0,60.4847228,-151.065349
Alaska,Kenai,374500.0,247.0,86.0,60.5838097,-151.30129273797348
Alaska,Seward,637500.0,360.0,64.0,59.226967,-135.446268
Alaska,North Pole,379825.0,207.0,78.0,64.750997,-147.349319
Alaska,Kodiak,465000.0,283.0,169.0,51.87176174730447,-176.63118540425756
Alaska,Talkeetna,348500.0,,174.0,62.3234762,-150.1125699
Alaska,Willow,249956.0,146.0,146.0,61.7472222,-150.0375
Alaska,Sterling,475000.0,233.0,72.0,60.5375441,-150.7977449
Alaska,Haines,415000.0,306.0,152.0,59.239640995705834,-135.4428690663642
Alaska,Skagway,,,611.0,59.4592051,-135.31828955122273
Alaska,Big Lake,492500.0,388.0,134.0,61.5417461,-149.830355
Alaska,Valdez,1225000.0,,139.0,61.1299396,-146.349363
Arizona,Phoenix,480000.0,276.0,70.0,33.4478156,-112.0729474
Arizona,Scottsdale,1199000.0,442.0,77.0,33.4942189,-111.926018
Arizona,Gilbert,629800.0,282.0,69.0,33.436329841103664,-111.93016237075813
Arizona,Chandler,559000.0,294.0,64.0,33.22771,-111.8577987537234
Arizona,Mesa,479900.0,266.0,66.0,33.39865,-111.6875
Arizona,Tucson,335000.0,212.0,70.0,32.22166045833333,-110.93507220833332
Arizona,Tempe,498500.0,294.0,73.0,33.4255117,-111.940016
Arizona,Queen Creek,679000.0,272.0,87.0,33.2483858,-111.634158
Arizona,Flagstaff,749000.0,390.0,90.0,35.1964625,-111.6495335
Arizona,Prescott,649900.0,297.0,90.0,33.24152454848174,-111.84061175366747
Arizona,Peoria,569000.0,265.0,73.0,33.5806115,-112.237294
Arizona,Surprise,465000.0,236.0,75.0,33.629247,-112.3681428
Arizona,Glendale,450000.0,246.0,67.0,33.538233857142856,-112.07402230612244
Arizona,Sedona,1200000.0,487.0,103.0,34.86172095450285,-111.75946535412255
Arizona,Goodyear,522836.0,228.0,77.0,33.4674695,-112.3842224
Arizona,Buckeye,439990.0,223.0,75.0,33.4210523,-112.3482361
Arizona,Paradise Valley,5844622.0,778.0,92.0,33.5428006,-111.9556001
Arizona,San Tan Valley,458990.0,218.0,74.0,33.14762745,-111.56631882091722
Arizona,Sun City,301000.0,197.0,66.0,33.6290111,-112.281933
Arizona,Maricopa,382110.0,191.0,76.0,33.4806942,-112.07145045627178
Arkansas,Little Rock,270000.0,140.0,81.0,34.769085399999994,-92.569708015625
Arkansas,Bentonville,594000.0,228.0,57.0,36.3709063,-94.1641404
Arkansas,Fayetteville,436000.0,207.0,74.0,36.061616150000006,-94.07247886555778
Arkansas,Rogers,566000.0,220.0,61.0,36.2981508,-94.0759557
Arkansas,Hot Springs,265000.0,154.0,106.0,34.185069224489794,-93.07853914285714
Arkansas,Bella Vista,404500.0,202.0,54.0,36.37642491269808,-93.65465992721678
Arkansas,Conway,319000.0,151.0,71.0,34.53189624173792,-93.04166646819628
Arkansas,Benton,275000.0,138.0,69.0,36.3727683,-94.1632943
Arkansas,Sherwood,264900.0,138.0,53.0,35.46052463470512,-93.45988968343774
Arkansas,North Little Rock,204000.0,117.0,69.0,34.769536,-92.2670941
Arkansas,Fort Smith,309900.0,119.0,96.0,35.3880338,-94.4265011
Arkansas,Bryant,306000.0,154.0,70.0,33.62167093265861,-92.06688813965042
Arkansas,Maumelle,359400.0,148.0,75.0,34.85580269532503,-92.4291880838744
Arkansas,Springdale,388264.0,201.0,60.0,36.1867442,-94.1288142
Arkansas,Hot Springs Village,320000.0,157.0,84.0,34.6795724,-92.9983875
Arkansas,Cabot,274775.0,144.0,66.0,34.996532787917054,-92.01746041556032
Arkansas,Eureka Springs,495000.0,148.0,156.0,36.4000796,-93.7392419
Arkansas,Pine Bluff,75000.0,90.0,80.0,34.2228884,-92.004334
Arkansas,Centerton,479450.0,210.0,42.0,36.3652679,-94.2886875
Arkansas,Jonesboro,257400.0,130.0,91.0,35.8272257,-90.6949871
California,San Diego,949450.0,676.0,59.0,32.7761529,-117.07330366921886
California,Los Angeles,1198000.0,621.0,85.0,34.0947107,-118.126191
California,San Francisco,1098400.0,880.0,85.0,37.7792588,-122.4193286
California,San Jose,1030000.0,866.0,47.0,37.3822074,-121.8194859
California,Irvine,1729000.0,797.0,69.0,33.6461009,-117.71971590041474
California,Fremont,1158000.0,921.0,40.0,33.6379485,-117.58282120869065
California,Sacramento,499250.0,330.0,53.0,38.590254,-121.5308108
California,Pasadena,1230000.0,732.0,68.0,33.731517800000006,-117.7629152141293
California,Long Beach,799000.0,614.0,67.0,33.7690164,-118.191604
California,Pleasanton,1594000.0,916.0,54.0,33.57238795000001,-117.63734207910198
California,Temecula,845000.0,372.0,54.0,33.64554165,-117.58863471561472
California,Riverside,679990.0,374.0,66.0,33.729745699999995,-117.76435129527972
California,Dublin,925000.0,700.0,56.0,33.714600630391274,-117.74217334329524
California,Corona,815000.0,411.0,61.0,33.63912775,-117.809132375
California,San Ramon,1376500.0,694.0,41.0,37.7648021,-121.9544387
California,Rancho Cucamonga,835000.0,460.0,52.0,34.1033192,-117.575173
California,Fullerton,1007450.0,593.0,57.0,38.220839224489794,-122.64080848979592
California,Huntington Beach,1499000.0,758.0,59.0,33.6783336,-118.000016
California,Sunnyvale,1618636.0,1196.0,59.0,33.7279281,-117.76699308908736
California,Glendale,1225000.0,643.0,68.0,37.7566096,-122.4424114
Colorado,Denver,549900.0,340.0,89.0,39.65272,-104.93566205
Colorado,Colorado Springs,460000.0,216.0,82.0,38.8343845,-104.82581636612986
Colorado,Boulder,942500.0,520.0,116.0,39.99679415,-105.2808291026509
Colorado,Littleton,585000.0,294.0,68.0,39.60565025,-105.02849062774824
Colorado,Aurora,478900.0,227.0,82.0,39.7405111,-104.830994
Colorado,Fort Collins,500000.0,277.0,81.0,40.5158593,-105.04095732
Colorado,Arvada,656450.0,279.0,74.0,38.31568168388394,-104.73606484975356
Colorado,Parker,683450.0,207.0,80.0,39.5184514,-104.7612638
Colorado,Lakewood,482450.0,281.0,69.0,39.73889711497658,-105.10891674500547
Colorado,Golden,850000.0,365.0,66.0,39.7546349,-105.22058
Colorado,Broomfield,599900.0,258.0,75.0,39.9403995,-105.05208
Colorado,Westminster,475000.0,256.0,70.0,39.8366528,-105.0372046
Colorado,Castle Rock,679000.0,202.0,82.0,39.3722552,-104.858682
Colorado,Thornton,550000.0,218.0,60.0,39.8695516,-104.985181
Colorado,Highlands Ranch,712500.0,247.0,75.0,39.5603965,-104.98776175239216
Colorado,Longmont,585000.0,241.0,75.0,40.10204165486752,-105.17774333661728
Colorado,Centennial,602400.0,259.0,70.0,39.62203050893967,-104.98761805861356
Colorado,Loveland,499900.0,224.0,88.0,39.717614,-105.17357133333334
Colorado,Evergreen,976250.0,349.0,62.0,40.38043655305587,-105.47643043603256
Colorado,Erie,824470.0,219.0,82.0,40.042970091836736,-105.04473664285716
Connecticut,Greenwich,3995000.0,749.0,109.0,41.0338596,-73.5961897
Connecticut,Stamford,659000.0,368.0,60.0,41.7230554,-72.7530538
Connecticut,West Hartford,597450.0,252.0,54.0,41.7620447,-72.7420399
Connecticut,Westport,2987000.0,572.0,98.0,41.1926876,-73.3414624
Connecticut,New Haven,319450.0,179.0,84.0,41.3274027,-72.8496327
Connecticut,Norwalk,681950.0,391.0,65.0,41.1576976,-73.4312152
Connecticut,Milford,499375.0,297.0,61.0,41.2477636,-73.0378803
Connecticut,Darien,4735000.0,680.0,103.0,41.9201315,-72.6581573
Connecticut,Ridgefield,1299500.0,328.0,94.0,41.312103,-73.4665924
Connecticut,Hartford,279450.0,151.0,60.0,41.7493891,-72.650549
Connecticut,Trumbull,639900.0,306.0,53.0,41.2988393,-73.2043998
Connecticut,Danbury,495000.0,263.0,57.0,41.3907381,-73.4799903
Connecticut,Bridgeport,374900.0,214.0,64.0,41.7071599,-72.9145872
Connecticut,Stratford,429900.0,244.0,69.0,41.783133,-72.7229174
Connecticut,Shelton,549900.0,260.0,60.0,41.3733846,-73.1544181
Connecticut,Waterbury,299000.0,175.0,66.0,41.5051572,-72.9786738
Connecticut,Manchester,299900.0,207.0,42.0,41.7452216,-72.4653246
Connecticut,Newtown,599900.0,261.0,96.0,41.1275926,-73.4019172
Connecticut,West Haven,379000.0,212.0,52.0,41.2706527,-72.9470471
Connecticut,North Haven,502000.0,236.0,58.0,41.3909305,-72.859545
Delaware,Wilmington,209900.0,179.0,56.0,39.7151753,-75.52983835496244
Delaware,Newark,444500.0,215.0,72.0,39.658525999999995,-75.74056195500847
Delaware,Rehoboth Beach,1487500.0,1150.0,78.0,38.7079222,-75.1177297
Delaware,Lewes,1170000.0,254.0,78.0,38.743641749999995,-75.16204745835938
Delaware,Bethany Beach,1749950.0,796.0,56.0,38.5109221,-75.05541238540982
Delaware,Middletown,495000.0,218.0,61.0,42.178485,-74.6270049
Delaware,Bear,360000.0,183.0,69.0,39.5805725,-75.67255240238566
Delaware,Dover,310000.0,166.0,48.0,39.1565449,-75.5241876
Delaware,New Castle,337000.0,214.0,48.0,39.6579385,-75.73975985325632
Delaware,Hockessin,680000.0,216.0,61.0,39.7876112,-75.6966001
Delaware,Fenwick Island,1799900.0,558.0,81.0,38.4623346,-75.0512922
Delaware,Selbyville,495000.0,250.0,82.0,38.4606407,-75.2216048
Delaware,Smyrna,463500.0,169.0,111.0,39.3062949375,-75.59183440625
Delaware,Ocean View,519990.0,226.0,102.0,38.5476327,-75.0881312
Delaware,Claymont,315000.0,204.0,46.0,39.81390755,-75.44354167715954
Delaware,Dewey Beach,1397500.0,1132.0,100.0,38.691184,-75.0752724
Delaware,Millsboro,345000.0,178.0,81.0,38.638886799999995,-75.16908351028903
Delaware,Milton,499900.0,218.0,109.0,38.7778049,-75.3101583
Delaware,Milford,345000.0,165.0,66.0,38.78379908163265,-75.14700034693877
Delaware,Townsend,552150.0,,106.0,42.1695478,-75.1295522
Florida,Orlando,320000.0,247.0,85.0,28.412903550000003,-81.30944309752753
Florida,Tampa,499000.0,292.0,84.0,28.542069,-81.4056
Florida,Miami,729000.0,542.0,118.0,25.9200841,-80.19968505433246
Florida,Jacksonville,299997.0,180.0,78.0,30.3321838,-81.655651
Florida,Fort Lauderdale,670000.0,406.0,112.0,26.12330424371242,-80.10538684808849
Florida,Sarasota,707450.0,484.0,82.0,27.3385875360924,-82.40678618903473
Florida,Boca Raton,725000.0,399.0,98.0,26.3514792972973,-80.08736156756757
Florida,Naples,1795000.0,636.0,95.0,26.1421976,-81.7942944
Florida,St. Petersburg,439500.0,321.0,64.0,27.7700475,-82.6359078
Florida,West Palm Beach,525000.0,332.0,96.0,30.379465166666662,-86.37751766666668
Florida,Kissimmee,350000.0,201.0,100.0,28.56933463915855,-81.54668194587379
Florida,Ocala,317000.0,151.0,88.0,28.93085425651143,-81.6750450801947
Florida,Cape Coral,455000.0,214.0,97.0,26.5625742,-81.9438802
Florida,Delray Beach,592000.0,384.0,88.0,26.4614625,-80.0728201
Florida,Clearwater,369500.0,268.0,98.0,27.98693825,-82.82766770662286
Florida,Miami Beach,695000.0,650.0,119.0,25.7586404,-80.1401828
Florida,Fort Myers,375000.0,226.0,92.0,26.640628,-81.8723084
Florida,Port St. Lucie,439422.0,226.0,88.0,27.2939333,-80.3503283
Florida,St. Augustine,536200.0,307.0,124.0,30.03848445,-81.3968477605663
Florida,Pensacola,345000.0,224.0,103.0,30.533906100000003,-87.27464149529412
Georgia,Atlanta,370000.0,270.0,91.0,33.7534631,-84.3493682
Georgia,Alpharetta,935000.0,267.0,80.0,34.0014989,-84.2752187
Georgia,Marietta,475000.0,219.0,64.0,34.22480878588027,-84.49273616996811
Georgia,Savannah,376000.0,194.0,76.0,32.00512655,-81.27953345005815
Georgia,Cumming,656892.0,244.0,73.0,34.07846156431068,-84.29421588879538
Georgia,Roswell,740000.0,235.0,72.0,34.03584705,-84.3294368615269
Georgia,Sandy Springs,352950.0,257.0,91.0,33.91542355,-84.3545844949406
Georgia,Duluth,489000.0,220.0,76.0,34.0028569,-84.1441046
Georgia,Lawrenceville,399995.0,181.0,60.0,33.95624999019608,-83.98854354901961
Georgia,Johns Creek,746210.0,236.0,61.0,33.9926855,-84.26744507474285
Georgia,Suwanee,639900.0,213.0,79.0,32.59407100000001,-83.62542485714286
Georgia,Decatur,494995.0,349.0,82.0,33.75386747058824,-84.38879705882353
Georgia,Smyrna,440000.0,232.0,74.0,33.89036083333333,-84.54422238541667
Georgia,Buford,797000.0,224.0,88.0,34.0586352,-84.06409228193428
Georgia,Woodstock,515000.0,238.0,57.0,34.0316939,-84.3616785490762
Georgia,McDonough,359000.0,155.0,85.0,33.719160537037034,-84.38484444444444
Georgia,Kennesaw,410000.0,186.0,75.0,33.95751351063829,-84.5492574893617
Georgia,Fayetteville,456950.0,189.0,85.0,33.7519937368421,-84.30503178947367
Georgia,Dunwoody,450000.0,231.0,74.0,33.9224533,-84.355566
Georgia,Douglasville,385000.0,142.0,81.0,33.80921558907387,-84.75858020783694
Hawaii,Honolulu,625000.0,693.0,106.0,21.360034,-157.8898948
Hawaii,Kailua-Kona,699000.0,658.0,115.0,19.641941,-155.996933
Hawaii,Hilo,655000.0,462.0,92.0,19.7073734,-155.08158
Hawaii,Kailua,1497500.0,798.0,96.0,21.398182535074433,-157.72949594832107
Hawaii,EWA Beach,883500.0,615.0,63.0,21.315603,-158.008804
Hawaii,Kaneohe,840000.0,684.0,66.0,21.421468364929176,-157.74837596327717
Hawaii,Kapolei,742500.0,592.0,90.0,21.3340079,-158.077849
Hawaii,Kihei,839000.0,1078.0,106.0,20.78479452729761,-156.46432509675404
Hawaii,Pearl City,780000.0,643.0,68.0,21.4001231,-157.969428
Hawaii,Mililani Town,709500.0,633.0,75.0,21.4508308,-158.0095783
Hawaii,Aiea,502500.0,500.0,84.0,21.3822222,-157.9336111
Hawaii,Waipahu,654000.0,523.0,60.0,21.3866667,-158.009166
Hawaii,Lahaina,1275000.0,1166.0,116.0,19.710143278747235,-155.11188452118395
Hawaii,Princeville,1382000.0,863.0,143.0,22.223611,-159.485278
Hawaii,Pahoa,424000.0,148.0,501.0,19.4891417,-154.94219283451207
Hawaii,Wailuku,794000.0,701.0,108.0,19.7274015476474,-155.0880089811862
Hawaii,Waimea,1157500.0,554.0,108.0,20.020452,-155.66391
Hawaii,Keaau,475000.0,,137.0,19.624242928571427,-155.0303690510204
Hawaii,Wailea,1880000.0,841.0,88.0,20.688018506187184,-156.43729767049362
Hawaii,Waianae,364500.0,509.0,115.0,21.446678,-158.185272
Idaho,Boise,549900.0,298.0,68.0,44.0968872,-115.9607905
Idaho,Meridian,574900.0,268.0,71.0,43.604787,-116.393479
Idaho,Eagle,824950.0,327.0,86.0,44.1498295,-115.992218
Idaho,Coeur d'Alene,665000.0,287.0,106.0,47.64513886843814,-116.18448992761996
Idaho,Nampa,444990.0,231.0,66.0,43.5737361,-116.559631
Idaho,Star,574992.0,246.0,121.0,44.1551507,-115.9843215
Idaho,Post Falls,540000.0,290.0,77.0,47.7110106,-116.9480877
Idaho,Sandpoint,685000.0,344.0,130.0,48.2765903,-116.553247
Idaho,Caldwell,405990.0,246.0,63.0,43.6678736,-116.689415
Idaho,Hayden,569000.0,280.0,60.0,47.758970833333336,-116.78537141666666
Idaho,Idaho Falls,377000.0,,70.0,43.4887907,-112.03628
Idaho,Middleton,539995.0,242.0,96.0,43.7054495,-116.61340542838045
Idaho,Twin Falls,409900.0,222.0,104.0,42.5558542,-114.4700684
Idaho,Kuna,469995.0,255.0,63.0,43.4594535395655,-116.41408401874617
Idaho,McCall,944500.0,460.0,138.0,44.9110458,-116.098281
Idaho,Rathdrum,620000.0,312.0,109.0,47.8111504,-116.896931
Idaho,Moscow,459500.0,257.0,80.0,46.7323875,-117.000165
Idaho,Sun Valley,1199000.0,753.0,122.0,43.696215,-114.353097
Idaho,Emmett,444990.0,248.0,105.0,43.69203170833334,-116.45839497619048
Idaho,Pocatello,350950.0,143.0,82.0,42.775660125,-114.70038825
Illinois,Chicago,329900.0,244.0,78.0,41.9801018,-87.90667
Illinois,Naperville,635000.0,238.0,61.0,41.8025942,-87.97581695
Illinois,Schaumburg,317450.0,220.0,52.0,42.02739893248151,-88.07970503154958
Illinois,Arlington Heights,539000.0,235.0,61.0,42.082051605320395,-87.98058634633357
Illinois,Glenview,642000.0,257.0,58.0,39.81339920834044,-88.94695320486527
Illinois,Des Plaines,349700.0,211.0,59.0,42.03895607692308,-88.08003892307693
Illinois,Orland Park,365000.0,190.0,57.0,41.630663,-87.8536288
Illinois,Oak Park,420634.0,245.0,74.0,41.8878145,-87.7887615
Illinois,Evanston,395000.0,270.0,52.0,42.08197795148287,-87.952494
Illinois,Downers Grove,465000.0,238.0,63.0,41.7936822,-88.0102281
Illinois,Mount Prospect,366000.0,225.0,62.0,42.0664167,-87.9372908
Illinois,Palatine,357400.0,213.0,57.0,42.10973545798257,-87.98322669852317
Illinois,Plainfield,532450.0,203.0,64.0,41.6056139,-88.2715599
Illinois,Skokie,422350.0,230.0,62.0,42.152904003487464,-87.80217635731368
Illinois,Northbrook,499000.0,266.0,68.0,40.16025248474885,-89.3785698200513
Illinois,Lombard,350000.0,224.0,58.0,41.888573854166665,-88.01002733333333
Illinois,Elmhurst,779000.0,340.0,84.0,42.0956546122449,-87.936658
Illinois,Hoffman Estates,364000.0,221.0,54.0,42.0427256,-88.0792782
Illinois,St. Charles,464900.0,206.0,55.0,41.9139808,-88.3128183
Illinois,Glen Ellyn,480000.0,287.0,61.0,41.8775293,-88.0670118
Indiana,Indianapolis,259945.0,135.0,70.0,39.768505950000005,-86.1580444334403
Indiana,Carmel,599999.0,183.0,48.0,39.961489,-86.12702
Indiana,Fishers,435000.0,161.0,57.0,39.9555928,-86.0138729
Indiana,Munster,377450.0,155.0,90.0,41.5644798,-87.5125412
Indiana,Hammond,219450.0,134.0,59.0,39.64306741090208,-86.84578550790197
Indiana,Zionsville,819900.0,189.0,68.0,39.950724,-86.2616968
Indiana,Dyer,299900.0,148.0,54.0,41.4942021,-87.5217068
Indiana,Crown Point,334450.0,173.0,66.0,39.73519251128769,-86.71358149408704
Indiana,Westfield,549950.0,178.0,59.0,39.858744,-86.15696966666667
Indiana,Noblesville,397000.0,150.0,51.0,40.0455918,-86.0085955
Indiana,Greenwood,320000.0,161.0,72.0,39.6136987,-86.1095429
Indiana,Fort Wayne,219950.0,131.0,44.0,39.83119274161572,-84.89510992837056
Indiana,Gary,157500.0,64.0,84.0,41.63676992251514,-87.04852383117276
Indiana,South Bend,141000.0,116.0,60.0,41.6833813,-86.2500066
Indiana,Schererville,359900.0,147.0,62.0,41.4789246,-87.4547605
Indiana,St. John,552500.0,176.0,102.0,41.4500356,-87.4700381
Indiana,Valparaiso,439900.0,168.0,80.0,41.5624505,-87.06407509565557
Indiana,Brownsburg,380000.0,180.0,71.0,39.84499455,-86.39841416685866
Indiana,Merrillville,269900.0,143.0,67.0,41.4828144,-87.3328139
Indiana,Bloomington,320000.0,178.0,102.0,39.1670396,-86.5342881
Iowa,Des Moines,259700.0,183.0,74.0,41.5868654,-93.6249494
Iowa,Iowa City,382400.0,175.0,88.0,41.64459755,-91.48202755
Iowa,West Des Moines,349990.0,221.0,90.0,41.5644476,-93.7594059
Iowa,Cedar Rapids,215000.0,123.0,63.0,41.9758872,-91.6704053
Iowa,Ankeny,379990.0,215.0,90.0,41.7320796,-93.605092
Iowa,Davenport,200000.0,116.0,68.0,41.665901469387755,-91.53584191836734
Iowa,Urbandale,399990.0,217.0,102.0,41.6274511,-93.7380243
Iowa,Ames,422500.0,203.0,98.0,42.0267567,-93.6170448
Iowa,Waukee,398450.0,251.0,109.0,41.6118485,-93.8845129
Iowa,Dubuque,237450.0,128.0,63.0,41.66112233333333,-91.53296508333334
Iowa,Bettendorf,369250.0,152.0,58.0,41.5253792,-90.5098639
Iowa,Council Bluffs,249000.0,138.0,48.0,41.258841,-95.8519484
Iowa,Sioux City,224975.0,124.0,64.0,42.4966815,-96.4058782
Iowa,Clive,547400.0,206.0,130.0,41.96794663077653,-91.7222732568581
Iowa,Johnston,514745.0,186.0,71.0,41.6731523,-93.6973395
Iowa,Cedar Falls,386747.0,145.0,82.0,42.5361805,-92.447758
Iowa,Coralville,297450.0,164.0,76.0,41.6759977,-91.580705
Iowa,Waterloo,179950.0,115.0,61.0,42.498275,-92.3328743
Iowa,North Liberty,370000.0,150.0,54.0,41.7478297,-91.6064397
Iowa,Altoona,359990.0,266.0,76.0,41.6437308,-93.4696031
Kansas,Overland Park,694950.0,199.0,78.0,38.9742502,-94.6851702
Kansas,Olathe,599500.0,195.0,83.0,38.8838856,-94.81887
Kansas,Wichita,295000.0,116.0,54.0,37.80144717369237,-97.33286036499204
Kansas,Kansas City,215000.0,141.0,62.0,38.3954497,-96.5389019
Kansas,Leawood,1144159.0,229.0,97.0,38.822834755716286,-94.89372176808212
Kansas,Lenexa,724500.0,202.0,93.0,38.9697458,-94.7845837
Kansas,Shawnee,489900.0,173.0,84.0,38.9671313,-95.68928
Kansas,Lawrence,362400.0,180.0,71.0,38.9719137,-95.2359403
Kansas,Prairie Village,1124900.0,261.0,39.0,38.9914109,-94.6332768
Kansas,Topeka,149000.0,111.0,42.0,38.9625715,-95.6910617
Kansas,Manhattan,312000.0,100.0,64.0,39.1745622,-96.54598523877728
Kansas,Mission,350000.0,202.0,50.0,39.0277832,-94.6557914
Kansas,Leavenworth,229000.0,136.0,58.0,39.345184,-94.921703
Kansas,Mission Hills,4500000.0,,147.0,39.0177834,-94.6169014
Kansas,Gardner,440092.0,176.0,62.0,37.97925671428572,-101.747968
Kansas,Fairway,711750.0,269.0,50.0,39.0222277,-94.6319018
Kansas,Bonner Springs,427450.0,178.0,29.0,39.0597129,-94.8837597
Kansas,Basehor,454975.0,207.0,86.0,39.1416692,-94.9385763
Kansas,Spring Hill,398706.0,204.0,64.0,38.7430646,-94.8255166
Kansas,Andover,376407.0,132.0,127.0,37.7139041,-97.1364294
Kentucky,Louisville,265000.0,153.0,54.0,38.1743447,-85.7634976
Kentucky,Lexington,399450.0,186.0,60.0,39.001656,-84.591867
Kentucky,Bowling Green,299900.0,169.0,98.0,36.75523947916667,-86.21753876041667
Kentucky,Covington,244500.0,174.0,55.0,39.0831712,-84.5107548
Kentucky,Frankfort,289900.0,138.0,69.0,38.104446158403086,-84.62936231680617
Kentucky,Florence,237450.0,169.0,36.0,38.9989499,-84.6266111
Kentucky,Georgetown,364900.0,160.0,87.0,39.043949455804885,-84.56438634489776
Kentucky,Richmond,319900.0,148.0,84.0,37.78070455,-84.33823220485425
Kentucky,Elizabethtown,319450.0,157.0,67.0,37.49545073993984,-86.22330777688853
Kentucky,Nicholasville,384508.0,166.0,62.0,37.8806341,-84.5729961
Kentucky,Paducah,229900.0,134.0,64.0,36.87722836791935,-89.0104744426237
Kentucky,Newport,444500.0,203.0,76.0,37.55125033819219,-87.88212467321557
Kentucky,Versailles,382433.0,157.0,52.0,38.19950904081633,-84.83113581632654
Kentucky,Union,429900.0,174.0,87.0,38.9458951,-84.680501
Kentucky,Fort Thomas,795000.0,220.0,66.0,39.108612,-84.4600715768116
Kentucky,Winchester,265950.0,139.0,70.0,36.70350087545489,-84.4800990490217
Kentucky,Shelbyville,344945.0,166.0,65.0,38.22269585096579,-85.36112025713281
Kentucky,Mount Washington,312495.0,174.0,64.0,38.0500627,-85.5457877
Kentucky,Bardstown,269900.0,172.0,67.0,37.09617071781708,-86.04505751965837
Kentucky,Independence,334950.0,171.0,36.0,38.94859789307643,-84.54414380427677
Louisiana,New Orleans,349000.0,202.0,139.0,29.9759983,-90.0782127
Louisiana,Baton Rouge,178950.0,139.0,99.0,30.4494155,-91.1869659
Louisiana,Metairie,375000.0,162.0,112.0,30.01565575,-90.22655557222365
Louisiana,Mandeville,379000.0,176.0,130.0,30.381498131514824,-90.0999307062702
Louisiana,Covington,299500.0,204.0,73.0,31.39928988272183,-92.4078303798866
Louisiana,Slidell,227000.0,112.0,118.0,30.2751945,-89.7811745
Louisiana,Shreveport,175000.0,104.0,99.0,32.50106496474385,-93.68550198173646
Louisiana,Denham Springs,237500.0,144.0,70.0,30.4868564,-90.9562125
Louisiana,Kenner,265000.0,156.0,115.0,29.9942265,-90.2417806
Louisiana,Gonzales,274950.0,166.0,133.0,30.2385294,-90.9200987
Louisiana,Lafayette,289900.0,125.0,102.0,30.2262187,-92.0178202
Louisiana,Prairieville,350000.0,163.0,70.0,30.3122527,-90.9497329
Louisiana,Zachary,300870.0,150.0,79.0,30.877663458333338,-90.78078204166668
Louisiana,Gretna,275000.0,145.0,93.0,29.8766426,-90.01852170841612
Louisiana,Harvey,229988.0,130.0,84.0,29.882013,-90.0445239
Louisiana,Hammond,250000.0,138.0,92.0,30.019898291666667,-90.12175260416667
Louisiana,Marrero,209900.0,134.0,100.0,29.872145,-90.09141403211576
Louisiana,Madisonville,345000.0,179.0,132.0,30.4043607,-90.1570232
Louisiana,Lake Charles,221000.0,121.0,133.0,30.2305095,-93.2169807
Louisiana,Ponchatoula,225000.0,153.0,90.0,30.4388041,-90.4414762
Maine,Portland,650000.0,400.0,76.0,43.66838045,-70.28242990000001
Maine,Scarborough,649950.0,345.0,53.0,43.5903447,-70.35250917723624
Maine,South Portland,637500.0,390.0,40.0,43.6321159,-70.2341429
Maine,Falmouth,917500.0,396.0,59.0,43.7876618,-70.3508112
Maine,Kennebunk,619900.0,367.0,58.0,43.3816433,-70.527463
Maine,Cape Elizabeth,1170000.0,368.0,43.0,43.6215236,-70.2485637
Maine,Bangor,322500.0,178.0,64.0,44.6401582,-69.3115928
Maine,Brunswick,494500.0,257.0,54.0,43.8920069,-69.9708971
Maine,Kennebunkport,1275000.0,840.0,56.0,43.3525081,-70.4712795
Maine,Kittery,849500.0,434.0,79.0,43.0871398,-70.7542278
Maine,Saco,520000.0,322.0,65.0,43.64079875,-70.39797523301492
Maine,Camden,737000.0,361.0,85.0,44.2015589,-69.0726451
Maine,Freeport,632000.0,414.0,61.0,43.8592198,-70.099633
Maine,Yarmouth,795000.0,320.0,53.0,43.8142326,-70.1912726
Maine,Bar Harbor,815000.0,458.0,231.0,44.2984095,-68.29996700000001
Maine,Biddeford,550000.0,217.0,63.0,43.4918173,-70.45051
Maine,Westbrook,523750.0,352.0,40.0,44.7527062,-68.8289275
Maine,Old Orchard Beach,489950.0,303.0,90.0,43.5123172,-70.4005241
Maine,Bath,407500.0,239.0,50.0,43.9108939,-69.8239086
Maine,Gorham,495000.0,253.0,42.0,43.6926135,-70.5107901
Maryland,Bowie,515000.0,258.0,46.0,39.07449,-77.148806
Maryland,Baltimore,227000.0,151.0,71.0,39.3724879,-76.62133387628003
Maryland,Silver Spring,475000.0,338.0,74.0,39.017562600000005,-77.0464999728147
Maryland,Bethesda,2149000.0,495.0,70.0,38.969147500000005,-77.13207044999999
Maryland,Frederick,465992.0,216.0,45.0,39.38209665,-77.26946586441558
Maryland,Rockville,639995.0,348.0,53.0,39.0975484,-77.2099665854316
Maryland,Columbia,412500.0,246.0,32.0,39.2156213,-76.8582049
Maryland,Upper Marlboro,317500.0,259.0,59.0,38.895221449999994,-76.81844458581992
Maryland,Ellicott City,569900.0,266.0,46.0,39.2673284,-76.7983067
Maryland,Laurel,399900.0,271.0,45.0,39.109021850000005,-76.83547129246884
Maryland,Gaithersburg,537450.0,283.0,40.0,39.0932719,-77.22686077211539
Maryland,Annapolis,687000.0,289.0,48.0,38.9782897,-76.4872617
Maryland,Potomac,1675000.0,332.0,50.0,39.0740067,-77.17844079753974
Maryland,Waldorf,462500.0,200.0,49.0,38.6263882,-76.9106581
Maryland,Germantown,355000.0,258.0,48.0,39.4087782,-76.4644585
Maryland,Fort Washington,642500.0,225.0,50.0,38.77441085,-77.01079125329753
Maryland,Crofton,437450.0,258.0,46.0,39.08990552533896,-77.17995166369258
Maryland,Olney,670000.0,267.0,44.0,39.14923904204595,-77.01271593347582
Maryland,Clarksburg,599900.0,260.0,46.0,39.2302156,-77.2508469
Maryland,Ocean City,470000.0,426.0,83.0,38.3348728,-75.0847659
Massachusetts,Boston,1057500.0,667.0,85.0,42.2874874,-71.1303173
Massachusetts,Newton,1999000.0,578.0,76.0,42.35804215,-71.19640272080689
Massachusetts,Cambridge,1649000.0,894.0,88.0,42.3650718,-71.1043664
Massachusetts,Quincy,600000.0,450.0,47.0,42.3157086,-71.0818677
Massachusetts,Lexington,3399000.0,570.0,63.0,42.37699615,-71.05935345
Massachusetts,Brookline,2049000.0,708.0,89.0,42.343618250000006,-71.1379597073424
Massachusetts,Arlington,1195000.0,574.0,46.0,42.350659750000005,-71.17556341475228
Massachusetts,Waltham,1124900.0,422.0,44.0,42.46071225,-71.1789007
Massachusetts,Wellesley,2249900.0,626.0,80.0,42.488785449999995,-71.13129222064241
Massachusetts,Needham,2447500.0,518.0,75.0,42.63502455,-71.39482597548042
Massachusetts,Natick,1275000.0,438.0,73.0,42.57528415,-71.75093486419529
Massachusetts,Braintree,677400.0,392.0,53.0,42.2382564,-72.13844739179936
Massachusetts,Medford,859450.0,436.0,47.0,42.41493925,-71.15063246679104
Massachusetts,Acton,825000.0,362.0,46.0,42.2508711,-71.78264904757685
Massachusetts,Woburn,899900.0,453.0,36.0,42.49300535,-71.11628689688888
Massachusetts,Worcester,512500.0,268.0,40.0,42.277308000000005,-71.7865999647249
Massachusetts,Andover,1279000.0,394.0,72.0,42.570899350000005,-70.9001377718709
Massachusetts,Chelmsford,599000.0,376.0,28.0,42.6197212,-71.38659971608604
Massachusetts,Reading,779950.0,447.0,59.0,42.33126668025064,-71.07360925524976
Massachusetts,Framingham,637450.0,386.0,44.0,42.338228,-71.541359
Michigan,Detroit,105000.0,73.0,81.0,42.3290568,-83.0454335
Michigan,Ann Arbor,575000.0,351.0,74.0,42.670988641816635,-83.30027806443822
Michigan,Grand Rapids,284950.0,182.0,54.0,42.9632425,-85.6678639
Michigan,Troy,464900.0,231.0,59.0,42.34692416666667,-85.22483272916668
Michigan,Novi,456500.0,214.0,48.0,42.48059,-83.4754913
Michigan,Farmington Hills,325000.0,178.0,45.0,42.4853125,-83.3771553
Michigan,Livonia,297450.0,202.0,46.0,42.36837,-83.3527097
Michigan,Northville,900000.0,213.0,50.0,42.4310816,-83.4832339
Michigan,Royal Oak,375000.0,268.0,54.0,42.4894801,-83.1446485
Michigan,Holland,411750.0,221.0,43.0,42.7876022,-86.1090828
Michigan,Plymouth,470000.0,287.0,56.0,43.78194656565656,-86.43604817171718
Michigan,Bloomfield Hills,535000.0,303.0,53.0,42.58513020156277,-83.23716986908579
Michigan,Birmingham,1965000.0,344.0,47.0,42.5467012,-83.2113192
Michigan,Southfield,232500.0,156.0,43.0,42.241768,-83.14596085714287
Michigan,New Buffalo,975000.0,402.0,95.0,41.7952562,-86.7444526
Michigan,Sterling Heights,315000.0,193.0,40.0,42.5803122,-83.0302033
Michigan,Rochester Hills,480000.0,222.0,78.0,42.6583661,-83.1499322
Michigan,Dearborn,269700.0,205.0,32.0,43.40637783333334,-83.97169183333334
Michigan,Kalamazoo,174000.0,150.0,53.0,42.291707,-85.5872286
Michigan,Warren,178500.0,150.0,45.0,42.4932575,-83.0062746
Minnesota,Minneapolis,315000.0,217.0,76.0,44.90189,-93.20328
Minnesota,St. Paul,285000.0,181.0,69.0,44.9497487,-93.0931028
Minnesota,Edina,534000.0,252.0,95.0,44.8897027,-93.3501222
Minnesota,Minnetonka,409500.0,218.0,68.0,44.9405086,-93.4638936
Minnesota,Plymouth,494900.0,194.0,80.0,44.99212506106366,-93.27574389314496
Minnesota,Eden Prairie,439900.0,192.0,68.0,44.8546856,-93.470786
Minnesota,Eagan,399000.0,186.0,54.0,44.818173,-93.1659179
Minnesota,Maple Grove,426990.0,192.0,63.0,45.0984983,-93.4419222
Minnesota,Woodbury,499950.0,195.0,67.0,44.919896,-92.9339449
Minnesota,Bloomington,349900.0,183.0,60.0,44.8322405,-93.3204872
Minnesota,St. Louis Park,314500.0,236.0,75.0,44.9475726,-93.3569023
Minnesota,Lakeville,555153.0,195.0,77.0,44.650051,-93.2432791
Minnesota,Blaine,444100.0,187.0,59.0,45.86609164219229,-94.68849879786389
Minnesota,Duluth,284900.0,158.0,52.0,46.7729322,-92.1251218
Minnesota,Rochester,459900.0,166.0,71.0,44.0234387,-92.4630182
Minnesota,Apple Valley,320000.0,189.0,62.0,44.7319094,-93.21772
Minnesota,Stillwater,497000.0,241.0,49.0,45.05620918092954,-92.96064307253036
Minnesota,Burnsville,269900.0,176.0,59.0,44.7721180985988,-93.27806519057918
Minnesota,Brooklyn Park,322900.0,174.0,52.0,45.1004807,-93.3443585
Minnesota,Roseville,345000.0,180.0,60.0,45.0060767,-93.1566107
Mississippi,Biloxi,317320.0,152.0,90.0,30.4007626,-88.8893818
Mississippi,Olive Branch,370000.0,162.0,81.0,34.9617605,-89.8295315
Mississippi,Gulfport,229950.0,138.0,88.0,30.3674198,-89.0928155
Mississippi,Jackson,99950.0,81.0,92.0,34.979581169517274,-89.25080659325204
Mississippi,Laurel,248500.0,95.0,85.0,31.6940509,-89.1306124
Mississippi,Ocean Springs,338500.0,223.0,118.0,30.4112904,-88.8279165
Mississippi,Southaven,337950.0,165.0,71.0,34.9873822,-90.0034862
Mississippi,Hattiesburg,227000.0,,85.0,31.3271189,-89.2903392
Mississippi,Oxford,567400.0,,75.0,34.3663773,-89.5187664
Mississippi,Brandon,366750.0,148.0,96.0,30.603144483873898,-89.6522374331011
Mississippi,Bay St. Louis,450000.0,270.0,159.0,30.3105666,-89.3275482
Mississippi,Madison,557500.0,156.0,73.0,32.4618086,-90.1153638
Mississippi,Hernando,395000.0,165.0,92.0,34.83891701450788,-89.99155973696719
Mississippi,Pass Christian,427000.0,258.0,166.0,30.3157527,-89.247543
Mississippi,Ridgeland,368900.0,157.0,74.0,33.524235317091716,-88.40527175913063
Mississippi,Horn Lake,319900.0,164.0,75.0,34.9553719,-90.0348139
Mississippi,Byhalia,326990.0,190.0,161.0,34.87430384903294,-89.68877042283464
Mississippi,Long Beach,313000.0,142.0,113.0,30.3504751,-89.1528176
Mississippi,Tupelo,289700.0,,70.0,30.749193384607903,-89.73207908427125
Mississippi,Clinton,358900.0,136.0,91.0,32.33470076538775,-90.3289058392282
Missouri,Kansas City,250000.0,151.0,71.0,39.04893575,-94.48399931837685
Missouri,St. Louis,199900.0,150.0,64.0,38.6312224,-90.1948225
Missouri,St. Charles,358950.0,195.0,46.0,38.76855985,-90.62393881396925
Missouri,Lee's Summit,525000.0,175.0,74.0,38.9107156,-94.3821295
Missouri,Chesterfield,530000.0,185.0,55.0,38.6503622,-90.5747645
Missouri,Springfield,209450.0,110.0,119.0,37.2081729,-93.2922715
Missouri,Kirkwood,709900.0,221.0,64.0,38.5778953350915,-90.40618661650537
Missouri,Independence,214950.0,132.0,62.0,38.7489712,-90.5554435
Missouri,O'Fallon,392425.0,165.0,53.0,38.7753036,-90.7098458
Missouri,Blue Springs,419900.0,160.0,79.0,39.017316,-94.282265
Missouri,Ballwin,425000.0,176.0,38.0,38.58530152295463,-90.55192195083744
Missouri,Webster Groves,357000.0,260.0,38.0,38.592339,-90.3564329
Missouri,Branson,238200.0,17.0,169.0,36.64403529166667,-93.21441154166666
Missouri,Clayton,752450.0,275.0,73.0,38.639223,-90.4089693
Missouri,St. Peters,305000.0,165.0,36.0,38.79650395,-90.63040074249248
Missouri,Florissant,224950.0,122.0,51.0,38.7936501,-90.3400847
Missouri,Columbia,449900.0,154.0,71.0,38.951883,-92.3337366
Missouri,Liberty,393950.0,164.0,67.0,39.246479,-94.419079
Missouri,Ladue,1372450.0,380.0,117.0,38.620587,-90.4048474
Missouri,Wentzville,388900.0,182.0,69.0,38.82421332512591,-90.87002355739162
Montana,Bozeman,714000.0,,118.0,45.679982,-111.034461
Montana,Missoula,599450.0,,82.0,46.84297,-114.058532
Montana,Billings,389000.0,,87.0,45.76495571856583,-108.53561029076
Montana,Whitefish,1100000.0,,141.0,48.20228839791864,-114.30434466730172
Montana,Kalispell,550000.0,,107.0,48.1730857,-114.0347645540332
Montana,Helena,475000.0,,70.0,46.5927425,-112.036277
Montana,Big Sky,2800000.0,,191.0,48.45455348958333,-108.74716690625
Montana,Great Falls,349000.0,,75.0,47.5048851,-111.29189
Montana,Livingston,535000.0,,80.0,45.6623873,-110.5615899
Montana,Bigfork,1045000.0,,133.0,48.0679255,-114.09666640516208
Montana,Polson,640000.0,,152.0,47.6905295,-114.163761
Montana,Hamilton,439450.0,,89.0,46.2472045,-114.1555462
Montana,Columbia Falls,519500.0,,83.0,48.3697168,-114.191582
Montana,Belgrade,560000.0,,81.0,45.773279,-111.184535
Montana,Red Lodge,533950.0,,173.0,45.1859038,-109.2470622
Montana,Libby,329000.0,,138.0,47.55915175849771,-115.29330020250327
Montana,West Yellowstone,879000.0,,214.0,44.6632056,-111.1012064
Montana,Lakeside,812000.0,,162.0,48.0167945,-114.23689218857608
Montana,Stevensville,504000.0,,85.0,46.510407,-114.094385
Montana,Ennis,632250.0,,197.0,45.443896082586576,-111.72973768247994
Nebraska,Omaha,265000.0,152.0,45.0,41.2200401,-95.92941320740258
Nebraska,Lincoln,341938.0,153.0,50.0,40.8088861,-96.7077751
Nebraska,Papillion,416250.0,150.0,40.0,41.1544433,-96.0422378
Nebraska,Bellevue,314750.0,138.0,44.0,41.1365122,-95.8937398
Nebraska,Gretna,557450.0,138.0,64.0,41.1469269,-96.2390053
Nebraska,Bennington,345000.0,182.0,84.0,41.3647193,-96.1577968
Nebraska,La Vista,365000.0,146.0,29.0,41.1832679,-96.0324044
Nebraska,Kearney,315000.0,126.0,42.0,40.699478,-99.081858
Nebraska,Grand Island,350000.0,120.0,71.0,40.924271,-98.338685
Nebraska,Fremont,225000.0,132.0,70.0,42.67890764621362,-103.41596354446268
Nebraska,Plattsmouth,222975.0,137.0,29.0,41.0111979,-95.8862157
Nebraska,Blair,357450.0,155.0,72.0,41.5444379,-96.1250151
Nebraska,Scottsbluff,217250.0,107.0,62.0,41.862302,-103.6627088
Nebraska,Waterloo,276500.0,,24.0,41.2869434,-96.2855797
Nebraska,North Platte,182500.0,108.0,60.0,41.1238873,-100.7654232
Nebraska,Nebraska City,239000.0,119.0,46.0,40.676526,-95.858694
Nebraska,Ralston,290000.0,142.0,31.0,41.2016674,-96.0323796
Nebraska,Beatrice,244000.0,94.0,68.0,40.266429,-96.747369
Nebraska,Ashland,422400.0,161.0,296.0,41.0391711,-96.3683917
Nebraska,Norfolk,237450.0,102.0,73.0,42.0283379,-97.4169964
Nevada,Las Vegas,456000.0,261.0,70.0,36.06029565,-115.1533819895186
Nevada,Henderson,539143.0,268.0,74.0,36.0319843,-114.9822486
Nevada,Reno,545000.0,321.0,83.0,39.52722025,-119.78579839653062
Nevada,North Las Vegas,429800.0,240.0,68.0,36.2005843,-115.121584
Nevada,Carson City,535000.0,304.0,82.0,39.2353866,-119.83139909183028
Nevada,Incline Village,1686500.0,743.0,144.0,39.2501246,-119.951909
Nevada,Sparks,549000.0,276.0,67.0,39.5404679,-119.7487235
Nevada,Pahrump,418450.0,207.0,103.0,36.21851012632783,-115.99357277653108
Nevada,Summerlin South,846900.0,360.0,84.0,36.1532572,-115.3311201
Nevada,Boulder City,439950.0,267.0,84.0,35.98973216949622,-114.83051486727382
Nevada,Gardnerville,585000.0,335.0,96.0,38.9415062,-119.749351
Nevada,Spring Valley,458000.0,260.0,71.0,36.1111405,-115.242865
Nevada,Minden,589950.0,300.0,67.0,38.9542487,-119.765617
Nevada,Mesquite,431494.0,221.0,89.0,36.02567337868066,-115.06860498006364
Nevada,Laughlin,229990.0,194.0,84.0,35.1685263494846,-114.58019623474746
Nevada,Enterprise,518875.0,254.0,70.0,36.0405373,-115.1899298
Nevada,Paradise,399000.0,257.0,89.0,36.1011223,-115.1479329
Nevada,Stateline,2112500.0,,166.0,39.2262879,-120.0052595
Nevada,Fernley,419900.0,230.0,83.0,39.6075249,-119.2508406
Nevada,Dayton,474950.0,258.0,64.0,39.26909366866024,-119.57970335168208
New-Hampshire,Nashua,507450.0,272.0,36.0,42.7869744,-71.5067402
New-Hampshire,Salem,607000.0,354.0,41.0,42.7689867,-71.2245769
New-Hampshire,Portsmouth,1149000.0,598.0,90.0,43.23107358555628,-71.53794710374562
New-Hampshire,Manchester,449700.0,263.0,42.0,42.8958488,-71.43458364839029
New-Hampshire,Derry,449900.0,294.0,40.0,42.84752705,-71.31902721176088
New-Hampshire,Londonderry,564348.0,240.0,79.0,42.89620665,-71.43486147552426
New-Hampshire,Hudson,519900.0,316.0,53.0,42.7654433,-71.4397167
New-Hampshire,Concord,474900.0,229.0,54.0,42.8885499,-71.32819719526827
New-Hampshire,Dover,629950.0,313.0,57.0,42.76348425,-71.51003262196495
New-Hampshire,Exeter,499900.0,331.0,70.0,42.9953888,-70.97615235264732
New-Hampshire,Hampton,569450.0,504.0,75.0,42.9417199,-70.8378746
New-Hampshire,Amherst,573000.0,194.0,42.0,42.7654841,-71.46851085850174
New-Hampshire,Laconia,549900.0,282.0,91.0,42.77067452832856,-71.50041457169233
New-Hampshire,Keene,407450.0,206.0,47.0,42.814889682414055,-72.51994332487368
New-Hampshire,North Conway,695000.0,297.0,84.0,44.0537103,-71.1282572
New-Hampshire,Hanover,1650000.0,448.0,51.0,43.67662525,-72.19868849613368
New-Hampshire,Rochester,399000.0,259.0,39.0,43.23194252944125,-71.50943461194832
New-Hampshire,Hooksett,350000.0,246.0,37.0,43.007376051524865,-71.45727963555949
New-Hampshire,Goffstown,674000.0,275.0,61.0,43.00562746670185,-71.47661724935644
New-Hampshire,Meredith,759900.0,430.0,86.0,42.77010635,-71.51210545
New-Jersey,Jersey City,710000.0,609.0,82.0,40.69049305,-74.04649550506387
New-Jersey,Montclair,2100000.0,564.0,56.0,40.8270534,-74.2267034
New-Jersey,Princeton,1988500.0,531.0,83.0,40.3912041,-74.6506557
New-Jersey,Hoboken,899000.0,808.0,55.0,40.73276832166881,-74.05000461279002
New-Jersey,Edison,599950.0,368.0,78.0,40.56050585,-74.35338532444354
New-Jersey,Ridgewood,1175000.0,554.0,56.0,40.9795549,-74.1207242
New-Jersey,Fort Lee,467000.0,439.0,75.0,40.8509333,-73.9701382
New-Jersey,Newark,599000.0,222.0,75.0,40.748337875,-74.180251875
New-Jersey,Summit,1399000.0,607.0,53.0,39.84920893674701,-74.87688090262921
New-Jersey,Paramus,1399000.0,423.0,66.0,40.92701852794275,-74.09009343269786
New-Jersey,Clifton,569000.0,397.0,56.0,40.716250979591834,-74.19091985714286
New-Jersey,Westfield,1514950.0,446.0,72.0,40.2339808125,-74.79652333333333
New-Jersey,Bridgewater,525000.0,350.0,44.0,39.8508011,-74.8736293
New-Jersey,Haddonfield,789900.0,394.0,36.0,39.8592156,-74.9885325
New-Jersey,Ocean City,1295000.0,762.0,92.0,39.2776156,-74.5746001
New-Jersey,Cape May,2050000.0,666.0,88.0,40.340585700000005,-74.2521826971506
New-Jersey,Toms River,525000.0,295.0,59.0,39.979694,-74.2673708773006
New-Jersey,Tenafly,1585000.0,608.0,82.0,40.8978492,-73.9786218
New-Jersey,Marlton,415000.0,266.0,29.0,39.8923272,-74.92173022529825
New-Jersey,Metuchen,580000.0,397.0,66.0,40.55221348404145,-74.28837608914493
New-Mexico,Albuquerque,375000.0,208.0,69.0,35.0863554,-106.53221055067613
New-Mexico,Santa Fe,615000.0,366.0,101.0,35.904291900000004,-106.0130700052
New-Mexico,Las Cruces,327225.0,135.0,88.0,34.77052707942253,-106.69694098014436
New-Mexico,Taos,635000.0,,178.0,35.40284888304086,-106.44659977736006
New-Mexico,Rio Rancho,433495.0,213.0,73.0,32.91356349536065,-105.982742266623
New-Mexico,Los Alamos,661000.0,286.0,44.0,36.36651067504309,-105.3277853249569
New-Mexico,Corrales,1070000.0,282.0,102.0,35.27213584098179,-106.6053058864954
New-Mexico,Ruidoso,425000.0,,127.0,33.3315804,-105.673099
New-Mexico,Silver City,269450.0,,150.0,32.7384517,-108.2619217562726
New-Mexico,Los Lunas,389500.0,191.0,70.0,34.79769505,-106.603259158012
New-Mexico,Roswell,255000.0,48.0,75.0,32.89571930612245,-104.42031473469387
New-Mexico,Tijeras,,,128.0,35.08532182639672,-106.64705990526976
New-Mexico,Alamogordo,245900.0,,66.0,32.89198495356709,-105.9723103454516
New-Mexico,Farmington,369999.0,,60.0,36.7291152,-108.205445
New-Mexico,Los Ranchos de Albuquerque,1725000.0,272.0,40.0,35.1619885,-106.6428038
New-Mexico,Angel Fire,1995000.0,,122.0,36.3930879,-105.285009
New-Mexico,Placitas,870000.0,246.0,88.0,36.53644074426188,-105.67015038447882
New-Mexico,Edgewood,465000.0,198.0,86.0,35.073385200000004,-106.19516372889407
New-Mexico,Clovis,225000.0,,91.0,34.62997650570068,-106.79531471556396
New-Mexico,Santa Teresa,349310.0,178.0,142.0,31.8588727,-106.646571
New-York,New York,949000.0,625.0,98.0,43.0826701,-77.67293215211362
New-York,Manhattan,1650000.0,1406.0,102.0,40.7192924,-74.0048228
New-York,Rochester,124950.0,98.0,45.0,43.1797077,-77.6128167
New-York,Buffalo,184900.0,118.0,64.0,42.9425656,-78.8240653
New-York,Yonkers,259000.0,342.0,70.0,40.9363343,-73.8831019
New-York,White Plains,394450.0,341.0,75.0,41.0501491,-73.779954
New-York,Scarsdale,3097000.0,600.0,134.0,40.9872835,-73.8147386
New-York,Albany,257750.0,162.0,63.0,42.65791405,-73.75132543682952
New-York,New Rochelle,479000.0,328.0,60.0,40.8982946,-73.7909182
New-York,Huntington,1124500.0,447.0,61.0,40.88504115,-73.46311590749994
New-York,Commack,824500.0,414.0,38.0,40.8575255,-73.29288280540155
New-York,Massapequa,925000.0,408.0,49.0,40.702398599999995,-73.4801101832423
New-York,Smithtown,842495.0,334.0,61.0,40.8848402,-73.1729848715413
New-York,Syracuse,154900.0,107.0,79.0,43.0369511,-76.0722681614771
New-York,Garden City,1525000.0,629.0,49.0,40.7306417,-73.59162961569677
New-York,Valley Stream,749994.0,490.0,56.0,40.6538037,-73.722794
New-York,Dix Hills,1449500.0,365.0,90.0,40.80265575,-73.31203644293548
New-York,Great Neck,660000.0,613.0,81.0,40.769762,-73.7207872413793
New-York,Merrick,879000.0,455.0,55.0,40.6919412,-73.56171739999999
New-York,Plainview,1075050.0,504.0,70.0,40.7312012,-73.46648915
North-Carolina,Charlotte,419700.0,236.0,70.0,35.570439,-82.501401
North-Carolina,Raleigh,475000.0,230.0,77.0,35.96455415,-78.72029862931578
North-Carolina,Cary,590000.0,258.0,74.0,35.67215785714286,-80.44479965306122
North-Carolina,Durham,415000.0,222.0,66.0,35.8966267,-78.9978328
North-Carolina,Asheville,582000.0,320.0,102.0,35.4899524,-82.51396753949828
North-Carolina,Apex,599900.0,244.0,62.0,36.453286909680976,-77.8236513973737
North-Carolina,Greensboro,299900.0,172.0,61.0,35.82438761128895,-80.25399526935631
North-Carolina,Chapel Hill,482945.0,268.0,73.0,35.146457,-83.13453741243677
North-Carolina,Wilmington,448000.0,257.0,83.0,34.29822645,-77.85457220385362
North-Carolina,Winston-Salem,279900.0,170.0,62.0,36.0998131,-80.2440518
North-Carolina,Wake Forest,446460.0,193.0,78.0,35.1838269356874,-79.42469124615621
North-Carolina,Concord,390000.0,200.0,75.0,35.789695857553674,-78.67799237897763
North-Carolina,Holly Springs,514500.0,230.0,49.0,35.6512655,-78.8336218
North-Carolina,Morrisville,574990.0,225.0,56.0,35.824341,-78.8300321
North-Carolina,Huntersville,550000.0,220.0,66.0,35.4108278,-80.8429304
North-Carolina,Fuquay-Varina,459900.0,216.0,67.0,35.5019891,-78.8729403520649
North-Carolina,Mooresville,442000.0,198.0,70.0,35.5848596,-80.8100724
North-Carolina,Fayetteville,259000.0,141.0,59.0,35.705914166666666,-79.81420299999999
North-Carolina,Matthews,589500.0,222.0,75.0,36.45117504885467,-77.68113450647944
North-Carolina,Garner,373715.0,196.0,76.0,35.72039565,-78.66194494999999
North-Dakota,Fargo,414736.0,152.0,105.0,46.877229,-96.789821
North-Dakota,Bismarck,409900.0,168.0,70.0,46.79518,-100.78165
North-Dakota,Grand Forks,357500.0,183.0,83.0,47.9252104,-97.0306325
North-Dakota,Minot,283000.0,118.0,75.0,48.95088354444257,-100.36461419566184
North-Dakota,West Fargo,373575.0,170.0,95.0,46.874967,-96.900362
North-Dakota,Williston,360000.0,193.0,69.0,48.1465457,-103.621814
North-Dakota,Jamestown,225000.0,85.0,76.0,46.910544,-98.708436
North-Dakota,Dickinson,344900.0,,72.0,46.8791756,-102.7896242
North-Dakota,Mandan,319450.0,129.0,81.0,46.826415,-100.889704
North-Dakota,Devils Lake,139000.0,,55.0,48.112779,-98.86512
North-Dakota,Horace,349665.0,189.0,110.0,46.758855,-96.903697
North-Dakota,Valley City,165000.0,97.0,59.0,46.923313,-98.003155
North-Dakota,Watford City,460000.0,198.0,97.0,47.802241,-103.283247
North-Dakota,Surrey,415000.0,124.0,193.0,48.245734814831856,-101.13446255764237
North-Dakota,New England,99500.0,151.0,96.0,46.5391751,-102.8682231
North-Dakota,Killdeer,224500.0,,100.0,47.371987,-102.754122
North-Dakota,Medora,,,,46.9139028,-103.5243536
North-Dakota,Wahpeton,296025.0,50.0,122.0,46.27372919093407,-96.61527819739526
North-Dakota,Gardena,,,,48.700837,-100.4976393
North-Dakota,Hazen,149500.0,,80.0,47.294448,-101.622665
Ohio,Columbus,272900.0,184.0,57.0,39.95543425,-82.9376326885703
Ohio,Cincinnati,270000.0,161.0,69.0,39.0741057,-84.30241190225891
Ohio,Cleveland,129900.0,90.0,62.0,41.4996574,-81.6936772
Ohio,Dayton,134900.0,100.0,63.0,39.76125163333999,-84.20821681374083
Ohio,Dublin,649900.0,195.0,66.0,40.08091401552769,-82.80775981573434
Ohio,Westerville,487400.0,203.0,40.0,40.126139,-82.9295287
Ohio,Akron,134900.0,97.0,60.0,41.24771803925881,-82.60100552567678
Ohio,Toledo,116000.0,86.0,49.0,41.7046652,-83.674251
Ohio,Upper Arlington,679000.0,276.0,56.0,39.9945084,-83.0624078
Ohio,Mason,442000.0,204.0,51.0,39.3600586,-84.309939
Ohio,New Albany,867000.0,228.0,70.0,39.981896138944,-82.81355984774285
Ohio,Shaker Heights,309000.0,115.0,78.0,41.4739419,-81.5370671
Ohio,Lakewood,294950.0,181.0,50.0,39.13692202040816,-84.51355395918368
Ohio,Powell,614450.0,209.0,62.0,39.9545544,-83.07502840000001
Ohio,Beavercreek,309950.0,129.0,61.0,39.7092262,-84.0632685
Ohio,West Chester,459900.0,165.0,53.0,39.3303357,-84.408275
Ohio,Kettering,230000.0,197.0,48.0,39.69693471428572,-84.2133945
Ohio,Hilliard,398900.0,216.0,41.0,39.95205887096774,-83.1465240967742
Ohio,Rocky River,379900.0,204.0,54.0,41.4756031,-81.8393034
Ohio,Solon,447500.0,176.0,55.0,41.38840215145459,-81.52866869008548
Oklahoma,Oklahoma City,314900.0,160.0,77.0,35.4729886,-97.5170536
Oklahoma,Tulsa,269700.0,140.0,75.0,34.512998,-96.967344
Oklahoma,Edmond,486842.0,184.0,84.0,35.65329268892222,-97.48165597559952
Oklahoma,Norman,349540.0,158.0,89.0,35.2259372382306,-95.45545958725648
Oklahoma,Broken Arrow,369500.0,156.0,70.0,36.14377959968736,-95.98706592590472
Oklahoma,Yukon,280000.0,154.0,76.0,33.91253703061589,-97.30196604564372
Oklahoma,Moore,287250.0,158.0,68.0,35.3383254,-97.4867045
Oklahoma,Bixby,429000.0,168.0,84.0,35.93801725,-95.8832411875
Oklahoma,Mustang,291250.0,154.0,56.0,35.46454861904762,-97.72484480952382
Oklahoma,Owasso,373087.0,150.0,86.0,36.15984816666666,-95.9772735
Oklahoma,Choctaw,354400.0,168.0,90.0,35.343112187608355,-96.89751737177608
Oklahoma,Jenks,485000.0,174.0,88.0,36.0228734,-95.9683278
Oklahoma,Lawton,145000.0,111.0,83.0,36.15371346007411,-96.00073240308592
Oklahoma,Guthrie,267000.0,134.0,78.0,33.8957242064846,-94.8340266281367
Oklahoma,Broken Bow,237700.0,,139.0,34.0298629,-94.7389659
Oklahoma,Stillwater,289000.0,152.0,65.0,36.1156306,-97.0585717
Oklahoma,Blanchard,338956.0,134.0,97.0,35.1380007,-97.6583681
Oklahoma,Midwest City,209333.0,138.0,60.0,35.4495097,-97.3967025
Oklahoma,Claremore,274000.0,98.0,88.0,34.158454,-97.44802282291668
Oklahoma,Bartlesville,222650.0,101.0,58.0,36.7578159656188,-96.21579891831722
Oregon,Portland,475000.0,306.0,102.0,45.5133462,-122.6753002
Oregon,Bend,707000.0,372.0,91.0,44.0581728,-121.3153096
Oregon,Beaverton,604990.0,301.0,81.0,45.4871723,-122.80378
Oregon,Eugene,549950.0,301.0,90.0,45.706196031261385,-121.51003193048872
Oregon,Lake Oswego,997224.0,361.0,96.0,45.4206749,-122.670649
Oregon,Hillsboro,564655.0,294.0,83.0,45.5228939,-122.989827
Oregon,Salem,475000.0,258.0,81.0,44.9391565,-123.033121
Oregon,Oregon City,649950.0,263.0,55.0,45.371327364009225,-122.57126593862829
Oregon,West Linn,762500.0,291.0,80.0,45.3656761,-122.612314
Oregon,Tigard,620000.0,296.0,95.0,45.4307473,-122.771933
Oregon,Happy Valley,776000.0,297.0,112.0,45.428679,-122.497174
Oregon,Gresham,465000.0,268.0,83.0,45.52225610000001,-122.45861655340632
Oregon,Sherwood,699500.0,311.0,89.0,45.3569315,-122.8403744
Oregon,Tualatin,665200.0,286.0,81.0,45.35450628571429,-122.83808826530613
Oregon,Milwaukie,565450.0,323.0,68.0,45.4440051,-122.6412523
Oregon,Newberg,500000.0,283.0,76.0,45.300347,-122.972751
Oregon,Corvallis,519000.0,298.0,65.0,44.5645659,-123.2620435
Oregon,Wilsonville,576750.0,292.0,72.0,45.3099218,-122.76816
Oregon,Canby,634900.0,272.0,82.0,45.4684778,-122.6770297331233
Oregon,Redmond,565455.0,303.0,92.0,44.2726203,-121.173921
Pennsylvania,Philadelphia,275000.0,198.0,80.0,39.9359827,-75.14310719131382
Pennsylvania,Pittsburgh,260000.0,185.0,90.0,40.4489258,-80.16459405730271
Pennsylvania,West Chester,619500.0,281.0,51.0,39.966275,-75.5891584
Pennsylvania,Lancaster,300000.0,158.0,47.0,40.1115885,-76.3041558
Pennsylvania,Media,625000.0,225.0,47.0,39.88608495,-75.39741834413746
Pennsylvania,Allentown,298750.0,148.0,35.0,40.425743375,-75.91492458333333
Pennsylvania,Bethlehem,309000.0,218.0,38.0,40.0774705,-75.20801900000001
Pennsylvania,York,189950.0,98.0,60.0,39.89608385153941,-79.75387792024243
Pennsylvania,Malvern,625000.0,309.0,59.0,40.060948,-75.5092564
Pennsylvania,Doylestown,819500.0,340.0,74.0,40.39833974227641,-75.24523915191897
Pennsylvania,Phoenixville,580990.0,260.0,30.0,40.0979388,-75.4688461
Pennsylvania,Harrisburg,168000.0,111.0,53.0,40.2374560625,-76.83771327083333
Pennsylvania,Ardmore,545000.0,316.0,50.0,40.30338848979592,-75.98870279591837
Pennsylvania,Downingtown,397000.0,243.0,39.0,39.9965082,-75.6913017
Pennsylvania,King of Prussia,648500.0,283.0,73.0,40.0908111,-75.3832484
Pennsylvania,Lansdale,467000.0,279.0,38.0,40.2576337,-75.25119645000001
Pennsylvania,Ambler,749950.0,262.0,26.0,40.30970869250286,-79.62161061103193
Pennsylvania,Collegeville,537450.0,284.0,69.0,40.1856597,-75.451571
Pennsylvania,Easton,262500.0,168.0,52.0,40.70135825,-75.25960349024822
Pennsylvania,Radnor Township,1899000.0,322.0,73.0,40.02897395,-75.36802874885015
Rhode-Island,Providence,549000.0,235.0,50.0,41.8257989,-71.3889343
Rhode-Island,Cumberland,569900.0,246.0,44.0,41.9667656,-71.4328363
Rhode-Island,Newport,1295000.0,651.0,68.0,41.85626075510204,-71.42929538775509
Rhode-Island,Cranston,469950.0,250.0,54.0,41.81663325,-71.42288489583333
Rhode-Island,Warwick,449450.0,270.0,30.0,41.880145328922005,-71.35297176248388
Rhode-Island,Pawtucket,389390.0,256.0,40.0,41.87227441390276,-71.38576927315904
Rhode-Island,East Greenwich,1039450.0,342.0,48.0,41.6603788,-71.4558911
Rhode-Island,Barrington,857000.0,342.0,52.0,41.73907306078805,-71.32571065540381
Rhode-Island,North Kingstown,614450.0,306.0,74.0,41.5514283,-71.4693875
Rhode-Island,Lincoln,787000.0,231.0,42.0,41.9529237,-71.4663863
Rhode-Island,Bristol,697000.0,346.0,56.0,41.6770463,-71.2661597
Rhode-Island,Narragansett,900000.0,534.0,102.0,41.79337385230701,-71.42670250991407
Rhode-Island,Smithfield,484900.0,295.0,53.0,41.85478095703622,-71.44705151420817
Rhode-Island,East Providence,449000.0,260.0,46.0,41.8194081,-71.376257
Rhode-Island,Portsmouth,799000.0,366.0,65.0,41.76190642857143,-71.41520542857143
Rhode-Island,Westerly,579950.0,280.0,63.0,41.808725615524715,-71.45480488948382
Rhode-Island,Tiverton,612450.0,250.0,74.0,41.6257406,-71.166333
Rhode-Island,North Providence,399900.0,239.0,44.0,41.8500997,-71.4661703
Rhode-Island,Coventry,510000.0,262.0,48.0,41.68067928612184,-71.56525357264103
Rhode-Island,South Kingstown,819450.0,341.0,69.0,41.454944,-71.5394738
South-Carolina,Charleston,670365.0,338.0,80.0,32.8161494,-79.9502302
South-Carolina,Greenville,527900.0,306.0,70.0,34.8335351,-82.37035
South-Carolina,Myrtle Beach,279900.0,286.0,124.0,33.919173367346936,-80.32316436734693
South-Carolina,Columbia,275000.0,148.0,62.0,34.0156209,-80.9660673
South-Carolina,Mount Pleasant,950000.0,404.0,76.0,32.7940651,-79.8625851
South-Carolina,Summerville,385000.0,190.0,76.0,33.0186699,-80.1762704
South-Carolina,Fort Mill,551250.0,249.0,69.0,35.0073697,-80.9450759
South-Carolina,Hilton Head Island,612500.0,457.0,88.0,32.1618488,-80.7512616
South-Carolina,Greer,357450.0,168.0,76.0,34.9947705,-82.30405227172042
South-Carolina,Rock Hill,325000.0,196.0,64.0,34.9248667,-81.0250784
South-Carolina,Simpsonville,359500.0,163.0,89.0,34.80542455,-82.23399714152411
South-Carolina,North Myrtle Beach,399900.0,286.0,111.0,33.8278405,-78.6800323
South-Carolina,Bluffton,599000.0,251.0,80.0,32.25879799384307,-80.85336380246562
South-Carolina,Conway,310724.0,185.0,96.0,34.86264137772786,-82.35224155310132
South-Carolina,Spartanburg,257450.0,142.0,74.0,34.915023500000004,-81.963813
South-Carolina,Lexington,334900.0,166.0,50.0,33.98992945857093,-81.07097221076934
South-Carolina,Beaufort,585000.0,237.0,93.0,32.375590149999994,-80.5766609500908
South-Carolina,North Charleston,332000.0,200.0,69.0,32.8546197,-79.9748103
South-Carolina,Murrells Inlet,474575.0,240.0,116.0,33.5499183,-79.0430329
South-Carolina,Easley,325000.0,154.0,60.0,34.84621559183673,-82.43667792857143
South-Dakota,Sioux Falls,356950.0,174.0,83.0,43.5476008,-96.7293629
South-Dakota,Rapid City,375000.0,214.0,86.0,44.0806041,-103.228023
South-Dakota,Spearfish,520000.0,214.0,120.0,44.490817,-103.85937
South-Dakota,Pierre,282450.0,139.0,143.0,44.3683644,-100.351136
South-Dakota,Deadwood,464500.0,150.0,123.0,44.37620783333333,-103.730699
South-Dakota,Brandon,430000.0,178.0,86.0,43.5909294,-96.5874544
South-Dakota,Sturgis,407450.0,150.0,76.0,44.414477,-103.509139
South-Dakota,Tea,359900.0,221.0,240.0,43.44661,-96.836034
South-Dakota,Custer,369750.0,205.0,77.0,43.766651,-103.598806
South-Dakota,Aberdeen,255000.0,107.0,80.0,44.3666605798282,-98.1877204869376
South-Dakota,Brookings,174900.0,,53.0,44.311461,-96.79844
South-Dakota,Yankton,323800.0,127.0,74.0,42.8712938,-97.3967011
South-Dakota,Hot Springs,326500.0,,80.0,43.431646,-103.474363
South-Dakota,Lead,255000.0,182.0,90.0,44.352207,-103.765198
South-Dakota,Watertown,344900.0,109.0,109.0,44.899211,-97.115289
South-Dakota,Harrisburg,383950.0,197.0,95.0,43.4313466,-96.6985231
South-Dakota,Vermillion,259500.0,119.0,81.0,42.7795273,-96.929101
South-Dakota,Belle Fourche,349900.0,208.0,76.0,44.6731329,-103.8517342
South-Dakota,Hill City,474950.0,247.0,108.0,43.932486,-103.575193
South-Dakota,Mitchell,289000.0,136.0,94.0,43.70953,-98.025379
Tennessee,Nashville,539500.0,268.0,83.0,36.14884635,-86.79032692332163
Tennessee,Franklin,881200.0,337.0,73.0,35.925206,-86.8689419
Tennessee,Knoxville,335700.0,220.0,62.0,35.993945724641414,-83.9664989244158
Tennessee,Memphis,200550.0,129.0,83.0,35.340632166904214,-89.86912571858386
Tennessee,Chattanooga,375000.0,198.0,82.0,35.0457219,-85.3094883
Tennessee,Murfreesboro,459900.0,217.0,72.0,35.48174417663341,-86.08858644727965
Tennessee,Brentwood,1572000.0,321.0,87.0,36.59418804081632,-82.13315020408163
Tennessee,Clarksville,319900.0,180.0,83.0,36.5277607,-87.3588703
Tennessee,Mount Juliet,560000.0,226.0,80.0,36.200055,-86.5186054
Tennessee,Hendersonville,522200.0,223.0,77.0,36.3049177,-86.621443
Tennessee,Lebanon,429700.0,202.0,70.0,36.2139711,-86.10375330011487
Tennessee,Maryville,459900.0,231.0,71.0,35.64709816099238,-88.83688205412952
Tennessee,Spring Hill,524950.0,235.0,78.0,35.751179,-86.9300023
Tennessee,Germantown,548000.0,178.0,82.0,35.13006833173037,-89.79441772115598
Tennessee,Collierville,579500.0,194.0,90.0,35.04359161111111,-89.67934098611111
Tennessee,Gallatin,415855.0,200.0,75.0,36.75593468686528,-86.21324046579099
Tennessee,Nolensville,909900.0,291.0,83.0,35.9522852,-86.6694413
Tennessee,Johnson City,345000.0,193.0,69.0,36.3134398,-82.3534728
Tennessee,Smyrna,465000.0,207.0,72.0,35.98344139320033,-88.32265119499877
Tennessee,Columbia,395000.0,206.0,90.0,35.6148165,-87.0338464
Texas,Austin,565000.0,301.0,102.0,30.259221,-97.89120992857144
Texas,Dallas,393000.0,240.0,81.0,29.18082855,-95.4068895
Texas,Houston,346955.0,178.0,82.0,29.7589382,-95.3676974
Texas,San Antonio,275000.0,157.0,91.0,29.4246002,-98.4951405
Texas,Frisco,739000.0,252.0,78.0,33.137339404040404,-95.83763655555556
Texas,Plano,537101.0,227.0,72.0,33.0136764,-96.6925096
Texas,Fort Worth,349000.0,174.0,74.0,33.37316681632653,-95.68856283673468
Texas,McKinney,549000.0,210.0,74.0,33.50817547113073,-94.11906945188456
Texas,Katy,370000.0,168.0,65.0,30.144435877551015,-97.81303697959184
Texas,Prosper,939950.0,255.0,96.0,33.2385763,-96.7866058
Texas,Round Rock,419704.0,213.0,82.0,32.981264449483795,-96.7221813394775
Texas,Arlington,348400.0,179.0,72.0,30.074652520833336,-94.18013204166668
Texas,Allen,537168.0,220.0,72.0,33.0937396,-96.6729227
Texas,Irving,410000.0,200.0,71.0,31.463021122489856,-100.43887884447788
Texas,Flower Mound,689950.0,220.0,68.0,33.0283854,-97.0867203
Texas,Leander,485000.0,197.0,102.0,30.5736134,-97.8567339
Texas,The Woodlands,530000.0,214.0,64.0,30.1734194,-95.504686
Texas,Carrollton,425000.0,218.0,65.0,32.9537349,-96.8902816
Texas,Georgetown,459200.0,214.0,89.0,30.673704,-97.65534255546775
Texas,Coppell,625000.0,260.0,74.0,32.9552598,-97.0155703
Utah,Salt Lake City,571500.0,327.0,74.0,40.7596198,-111.886797
Utah,Park City,3847500.0,1217.0,90.0,40.6460921,-111.4979963
Utah,St. George,610000.0,269.0,90.0,37.104153,-113.584131
Utah,Provo,531250.0,238.0,71.0,40.2337289,-111.6587085
Utah,Sandy,709995.0,258.0,67.0,40.5710454,-111.8953815
Utah,Lehi,675000.0,213.0,81.0,40.3881114,-111.8486019
Utah,Draper,844950.0,244.0,74.0,40.23396113716039,-111.682438466109
Utah,South Jordan,625000.0,227.0,76.0,40.5584882,-111.9367107
Utah,Ogden,393900.0,232.0,68.0,41.23590051565888,-111.92633704806052
Utah,Orem,524900.0,210.0,69.0,40.2967618902261,-111.69781538615268
Utah,West Jordan,545000.0,230.0,57.0,40.6061337,-111.9395211
Utah,Cedar City,429900.0,228.0,86.0,37.6774238,-113.061827
Utah,Bountiful,539500.0,215.0,60.0,40.88935959411415,-111.84491374378834
Utah,Saratoga Springs,642945.0,217.0,71.0,40.3862792,-111.9130188
Utah,Heber,955000.0,254.0,99.0,40.506463,-111.4132963
Utah,Layton,525000.0,226.0,75.0,40.73003945,-111.8917912989023
Utah,Cottonwood Heights,829950.0,281.0,80.0,40.613474,-111.8256464
Utah,Highland,798500.0,228.0,86.0,40.427176,-111.7891709
Utah,Holladay,1179999.0,320.0,79.0,40.6710765,-111.8250278
Utah,Herriman,649900.0,199.0,73.0,40.5139784,-112.0329086
Vermont,Burlington,553450.0,305.0,70.0,44.4766131,-73.2146349
Vermont,Stowe,1995000.0,,144.0,44.19401155,-72.50675619203406
Vermont,Woodstock,625000.0,360.0,147.0,43.610765094346995,-72.97233352826503
Vermont,Montpelier,439000.0,296.0,84.0,44.2602244,-72.5750364
Vermont,Brattleboro,332450.0,154.0,96.0,42.8507588,-72.5572913
Vermont,South Burlington,692450.0,315.0,53.0,44.4671635,-73.1715669
Vermont,Shelburne,695000.0,279.0,67.0,44.464463533844715,-73.20785616814695
Vermont,Ludlow,587500.0,,151.0,43.3961459,-72.7011648
Vermont,Manchester,848220.0,228.0,109.0,43.176909,-73.0568716
Vermont,Rutland,300000.0,170.0,74.0,43.611622,-72.962384
Vermont,Waterbury,394900.0,236.0,125.0,44.39462625,-72.72005287499533
Vermont,Wilmington,824000.0,,25.0,44.513653790681374,-73.14743316239175
Vermont,Bennington,259000.0,124.0,100.0,44.503144805535825,-73.23773511310353
Vermont,Middlebury,531000.0,282.0,201.0,43.973899450000005,-73.09331858249715
Vermont,Norwich,1250000.0,,169.0,43.67337466666667,-72.30697266666667
Vermont,Barre,249000.0,161.0,66.0,44.258435199999994,-72.57586954639687
Vermont,Waitsfield,650000.0,,124.0,44.1924801,-72.8223267
Vermont,St. Albans,340000.0,213.0,78.0,44.903164333333336,-72.80804866666666
Vermont,Essex Junction,599000.0,258.0,72.0,44.4858628,-73.1332466
Vermont,Quechee,462000.0,234.0,134.0,43.6555284375,-72.4295600625
Virginia,Alexandria,460838.0,406.0,57.0,38.82715765,-77.06157779601682
Virginia,Arlington,855000.0,484.0,60.0,37.434974,-79.17275379162953
Virginia,Virginia Beach,421500.0,224.0,44.0,36.8496579,-75.9760751
Virginia,Fairfax,724999.0,340.0,47.0,38.29670195,-77.43638504067636
Virginia,Ashburn,649900.0,324.0,53.0,38.1363926890354,-78.84425381353982
Virginia,Richmond,399950.0,232.0,60.0,37.546203,-77.45210827844602
Virginia,McLean,2995000.0,442.0,109.0,38.9342888,-77.1776327
Virginia,Woodbridge,475000.0,254.0,42.0,37.0480767,-76.36719923102726
Virginia,Reston,544990.0,359.0,43.0,38.357141,-77.493118
Virginia,Falls Church,764000.0,548.0,85.0,38.882334,-77.1710914
Virginia,Chesapeake,434950.0,214.0,49.0,36.7081277,-76.240421
Virginia,Vienna,2250000.0,399.0,76.0,37.08563816666667,-76.43059191666666
Virginia,Manassas,450000.0,262.0,33.0,38.77184939583333,-77.45290847916667
Virginia,Leesburg,659950.0,299.0,46.0,39.1154506,-77.5645607
Virginia,Chantilly,759495.0,347.0,62.0,38.36306276053017,-77.49370399586192
Virginia,Springfield,674990.0,344.0,46.0,38.7791227,-77.1861196
Virginia,Fredericksburg,649500.0,244.0,66.0,38.259649800000005,-77.48388434706686
Virginia,Centreville,617500.0,321.0,39.0,38.8387653,-77.4315911
Virginia,Herndon,557250.0,336.0,16.0,38.9564129,-77.3877166
Virginia,Sterling,599950.0,288.0,21.0,39.04282495,-77.36844550629624
Washington,Seattle,755000.0,549.0,79.0,47.6279209,-122.3562186
Washington,Bellevue,1195000.0,714.0,75.0,47.6144219,-122.192337
Washington,Kirkland,1397500.0,730.0,60.0,47.6765382,-122.2070775
Washington,Bothell,1049975.0,561.0,60.0,47.7623204,-122.2054035
Washington,Tacoma,499450.0,319.0,64.0,47.3549631272212,-123.09408063341796
Washington,Redmond,1295355.0,718.0,65.0,47.6694141,-122.1238767
Washington,Renton,675000.0,412.0,62.0,47.4799078,-122.2034496
Washington,Puyallup,582450.0,308.0,53.0,47.13395774865386,-123.33442209802568
Washington,Vancouver,512450.0,292.0,68.0,46.20900899996613,-119.14847799176982
Washington,Issaquah,587498.0,515.0,82.0,47.5348778,-122.043297
Washington,Lynnwood,585000.0,419.0,58.0,40.214500172312874,-80.33602451373037
Washington,Sammamish,1195000.0,598.0,79.0,47.60833235416667,-122.07315083333332
Washington,Everett,649999.0,380.0,61.0,47.7061810619056,-117.4106625709784
Washington,Kent,729990.0,343.0,68.0,47.3826903,-122.2270272
Washington,Auburn,719950.0,309.0,70.0,47.30792155,-122.22859739973094
Washington,Gig Harbor,996000.0,354.0,76.0,47.3259697,-122.5878659
Washington,Olympia,595500.0,284.0,56.0,46.2095945692138,-119.13846845933088
Washington,Edmonds,824000.0,522.0,54.0,47.8105738,-122.3774952
Washington,Bellingham,577450.0,401.0,61.0,48.7544012,-122.478836
Washington,Snohomish,694990.0,407.0,64.0,47.9113592,-122.0955144
West-Virginia,Martinsburg,301495.0,161.0,63.0,39.367425,-78.544
West-Virginia,Harpers Ferry,375000.0,208.0,96.0,39.323418,-77.7319766
West-Virginia,Charles Town,388472.0,132.0,61.0,39.2891836,-77.859581
West-Virginia,Hedgesville,339950.0,174.0,80.0,39.5534303,-77.9949993
West-Virginia,Inwood,319900.0,146.0,63.0,38.39470528571429,-82.43861251020408
West-Virginia,Falling Waters,291900.0,148.0,109.0,39.5592639,-77.8908301
West-Virginia,Shepherdstown,624450.0,183.0,98.0,39.459347259766055,-77.91275847440214
West-Virginia,Ranson,357490.0,190.0,47.0,38.43065141646243,-82.23378061097496
West-Virginia,Morgantown,304450.0,142.0,104.0,39.38819148484848,-79.85297909090909
West-Virginia,Charleston,184000.0,93.0,77.0,39.618106734693875,-79.9511882857143
West-Virginia,Bath (Berkeley Springs),270950.0,,274.0,39.6267975,-78.2279514
West-Virginia,Wheeling,152500.0,79.0,93.0,40.05837697760759,-80.66712230394015
West-Virginia,Huntington,122900.0,86.0,90.0,39.42115789795918,-78.25959426530612
West-Virginia,Capon Bridge,,206.0,1.0,39.3006421,-78.437672
West-Virginia,Romney,197450.0,153.0,71.0,40.06184088998937,-80.67406057373859
West-Virginia,Great Cacapon,189450.0,296.0,158.0,39.6200928,-78.2925093
West-Virginia,Davis,260000.0,130.0,108.0,39.1287273,-79.4647632
West-Virginia,Paw Paw,34900.0,,117.0,39.5302060255087,-80.12472446011715
West-Virginia,Wardensville,254750.0,,46.0,39.08808435510811,-78.58525831219465
West-Virginia,Keyser,159500.0,60.0,67.0,39.64103783901648,-79.94711763508045
Wisconsin,Madison,429900.0,233.0,69.0,43.0751997,-89.3823625
Wisconsin,Milwaukee,200000.0,146.0,56.0,43.0264885,-87.9766095819538
Wisconsin,Lake Geneva,529500.0,219.0,102.0,42.5918039,-88.4345369
Wisconsin,Wauwatosa,350000.0,200.0,42.0,43.0494122,-88.0079271
Wisconsin,Brookfield,789900.0,222.0,60.0,43.0615578,-88.1260678
Wisconsin,Kenosha,257400.0,167.0,49.0,43.06791788292305,-89.47164010314067
Wisconsin,Green Bay,397200.0,152.0,61.0,44.5126379,-88.0125794
Wisconsin,Appleton,324900.0,170.0,49.0,44.2528629,-88.48221435273109
Wisconsin,Whitefish Bay,500000.0,297.0,40.0,43.1185591,-87.906804
Wisconsin,New Berlin,439900.0,210.0,46.0,42.976453,-88.1090391
Wisconsin,Pewaukee,596900.0,238.0,65.0,43.0846017,-88.2139452
Wisconsin,Mequon,612400.0,226.0,62.0,43.2219088,-87.9822969
Wisconsin,Pleasant Prairie,395000.0,214.0,68.0,42.5269718,-87.8544568
Wisconsin,Menomonee Falls,558943.0,237.0,80.0,43.1790768,-88.1170784
Wisconsin,Waukesha,354950.0,200.0,59.0,43.0844135,-88.45429348255337
Wisconsin,Racine,195000.0,132.0,48.0,42.67664806864508,-89.01703645687637
Wisconsin,Middleton,557500.0,220.0,76.0,43.0962919,-89.5119565
Wisconsin,Franklin,418700.0,218.0,49.0,42.888627,-88.0384183
Wisconsin,Oconomowoc,599945.0,250.0,55.0,43.1116731,-88.4992659
Wisconsin,Sun Prairie,443400.0,192.0,70.0,43.1834579,-89.2134359
Wyoming,Cheyenne,369500.0,52.0,57.0,42.995142,-110.976712
Wyoming,Jackson,2900000.0,,132.0,43.479965,-110.761815
Wyoming,Casper,338500.0,148.0,50.0,44.51350189141604,-109.06777058503046
Wyoming,Cody,531950.0,,119.0,43.737552,-105.4751228215968
Wyoming,Laramie,397450.0,208.0,54.0,42.26783228577093,-104.74243114585911
Wyoming,Sheridan,464000.0,89.0,125.0,44.797194,-106.956179
Wyoming,Gillette,315000.0,,62.0,44.30503465,-105.44956079863849
Wyoming,Lander,495000.0,206.0,97.0,43.533733,-109.637151
Wyoming,Evanston,419500.0,142.0,84.0,41.2682462,-110.963758
Wyoming,Rock Springs,245000.0,154.0,58.0,41.5860557,-109.2194544
Wyoming,Buffalo,474500.0,202.0,100.0,44.3480865,-106.699287
Wyoming,Pinedale,540000.0,,160.0,42.85795665,-109.84770231505422
Wyoming,Alpine,764000.0,,125.0,44.69223985351772,-106.97007470703544
Wyoming,Powell,370000.0,,100.0,44.6441973141214,-108.954550596674
Wyoming,Wilson,13900000.0,,209.0,43.4990511,-110.8721007
Wyoming,Star Valley Ranch,625000.0,,170.0,42.975225,-110.95774091827596
Wyoming,Green River,360000.0,135.0,65.0,41.5290933,-109.466473
Wyoming,Dubois,535000.0,,108.0,43.5336369,-109.6309651
Wyoming,Afton,750000.0,,165.0,42.69338825,-110.93095100110108
Wyoming,Riverton,249900.0,138.0,82.0,42.99225709551543,-108.37530974976146
